,Ligand,ligand_id,Confg,substrate,substrate_id,boron reagent,boronreagent_id,%top,temp,ddG
0,C1(CCCC2)=C2C=CC(P(C3=CC=CC=C3)C4=CC=CC=C4)=C1C5=C6CCCCC6=CC=C5P(C7=CC=CC=C7)C8=CC=CC=C8,L1.21,2,CC1=CC(=O)N(Cc2ccccc2)C1=O,175,COc1ccc(B(O)O)cc1,10,5.0,50.0,-7.91073322216202
1,C1(CCCC2)=C2C=CC(P(C3=CC=CC=C3)C4=CC=CC=C4)=C1C5=C6CCCCC6=CC=C5P(C7=CC=CC=C7)C8=CC=CC=C8,L1.21,2,O=C1C=CCCC1,0,COc1ccc([B-](OC(C)C)(OC(C)C)OC(C)C)cc1.[Li+],52,2.5,60.0,-10.147366385860874
2,C1(CCCC2)=C2C=CC(P(C3=CC=CC=C3)C4=CC=CC=C4)=C1C5=C6CCCCC6=CC=C5P(C7=CC=CC=C7)C8=CC=CC=C8,L1.21,2,CC(C)C1=CC(=O)N(Cc2ccccc2)C1,184,Cc1ccc(B(O)O)cc1,12,1.0,50.0,-12.345566512153233
3,C1(CCCC2)=C2C=CC(P(C3=CC=CC=C3)C4=CC=CC=C4)=C1C5=C6CCCCC6=CC=C5P(C7=CC=CC=C7)C8=CC=CC=C8,L1.21,2,CCC1=CC(=O)N(Cc2ccccc2)C1=O,183,Cc1ccccc1B(O)O,6,5.0,50.0,-7.91073322216202
4,C1(CCCC2)=C2C=CC(P(C3=CC=CC=C3)C4=CC=CC=C4)=C1C5=C6CCCCC6=CC=C5P(C7=CC=CC=C7)C8=CC=CC=C8,L1.21,2,O=C1C=CCCN1,176,Fc1ccc(B2OB(c3ccc(F)cc3)OB(c3ccc(F)cc3)O2)cc1,28,1.0,40.0,-11.963528247813043
5,C1(CCCC2)=C2C=CC(P(C3=CC=CC=C3)C4=CC=CC=C4)=C1C5=C6CCCCC6=CC=C5P(C7=CC=CC=C7)C8=CC=CC=C8,L1.21,2,O=C1C=CCCN1Cc1ccccc1,177,Fc1ccc(B2OB(c3ccc(F)cc3)OB(c3ccc(F)cc3)O2)cc1,28,2.0,40.0,-10.132467398101692
6,C1(CCCC2)=C2C=CC(P(C3=CC=CC=C3)C4=CC=CC=C4)=C1C5=C6CCCCC6=CC=C5P(C7=CC=CC=C7)C8=CC=CC=C8,L1.21,2,CC1=CC(=O)N(Cc2ccccc2)C1=O,175,OB(O)c1ccc(F)cc1,21,2.0,50.0,-10.456033337686609
7,C1(CCCC2)=C2C=CC(P(C3=CC=CC=C3)C4=CC=CC=C4)=C1C5=C6CCCCC6=CC=C5P(C7=CC=CC=C7)C8=CC=CC=C8,L1.21,2,CCC1=CC(=O)N(Cc2ccccc2)C1=O,183,OB(O)c1ccc2ccccc2c1,11,2.0,50.0,-10.456033337686609
8,C1(CCCC2)=C2C=CC(P(C3=CC=CC=C3)C4=CC=CC=C4)=C1C5=C6CCCCC6=CC=C5P(C7=CC=CC=C7)C8=CC=CC=C8,L1.21,2,CCC1=CC(=O)N(Cc2ccccc2)C1=O,183,OB(O)c1cccc(Cl)c1,8,1.5,50.0,-11.242612518160245
9,C1(CCCC2)=C2C=CC(P(C3=CC=CC=C3)C4=CC=CC=C4)=C1C5=C6CCCCC6=CC=C5P(C7=CC=CC=C7)C8=CC=CC=C8,L1.21,2,CC(C)C1=CC(=O)N(Cc2ccccc2)C1,184,OB(O)c1ccccc1,7,1.0,50.0,-12.345566512153233
10,C1(CCCC2)=C2C=CC(P(C3=CC=CC=C3)C4=CC=CC=C4)=C1C5=C6CCCCC6=CC=C5P(C7=CC=CC=C7)C8=CC=CC=C8,L1.21,2,CC1=CC(=O)N(Cc2ccccc2)C1=O,175,OB(O)c1ccccc1,7,2.0,50.0,-10.456033337686609
11,C1(CCCC2)=C2C=CC(P(C3=CC=CC=C3)C4=CC=CC=C4)=C1C5=C6CCCCC6=CC=C5P(C7=CC=CC=C7)C8=CC=CC=C8,L1.21,2,CCC1=CC(=O)N(Cc2ccccc2)C1=O,183,OB(O)c1ccccc1,7,1.5,50.0,-11.242612518160245
12,C1(P2OC(C=CC3=C4C=CC=C3)=C4C(C(C=CC=C5)=C5C=C6)=C6O2)=CC=CC=C1OC7=C(P8OC9=CC=C%10C(C=CC=C%10)=C9C%11=C%12C(C=CC=C%12)=CC=C%11O8)C=CC=C7,L1.96,2,O=C1C=CCCC1,0,OB(O)c1ccccc1,7,1.5,100.0,-12.982147179797291
13,C1(P2OC(C=CC3=C4C=CC=C3)=C4C(C(C=CC=C5)=C5C=C6)=C6O2)=CC=CC=C1OC7=C(P8OC9=CC=C%10C(C=CC=C%10)=C9C%11=C%12C(C=CC=C%12)=CC=C%11O8)C=CC=C7,L1.96,2,O=C1C=CCCCC1,15,OB(O)c1ccccc1,7,2.0,100.0,-12.073863035611197
14,C1(P2OC(C=CC3=C4C=CC=C3)=C4C(C(C=CC=C5)=C5C=C6)=C6O2)=CC=CC=C1P7OC8=CC=C9C(C=CC=C9)=C8C%10=C%11C(C=CC=C%11)=CC=C%10O7,L1.95,2,O=C1C=CCCCC1,15,OB(O)c1ccccc1,7,7.5,100.0,-7.794099337579717
15,C12=CC=C3C(C(C4=C(C=C(OCCCCCCCCO2)C=C5)C5=CC=C4P(C6=CC=CC=C6)C7=CC=CC=C7)=C(P(C8=CC=CC=C8)C9=CC=CC=C9)C=C3)=C1,L1.11,2,CC(=O)OC1CCCC=C1[N+](=O)[O-],209,OB(O)c1ccccc1,7,1.5,50.0,-11.242612518160245
16,C12=CC=C3C(C(C4=C(C=C(OCCCCCCCCO2)C=C5)C5=CC=C4P(C6=CC=CC=C6)C7=CC=CC=C7)=C(P(C8=CC=CC=C8)C9=CC=CC=C9)C=C3)=C1,L1.11,2,O=C1C=CCCC1,0,OB(O)c1ccccc1,7,4.0,100.0,-9.85949600140811
17,C12=CC=C3C(C(C4=C(C=C(OCCCCCCO2)C=C5)C5=CC=C4P(C6=CC=CC=C6)C7=CC=CC=C7)=C(P(C8=CC=CC=C8)C9=CC=CC=C9)C=C3)=C1,L1.10,2,CC(=O)OC1CCCC=C1[N+](=O)[O-],209,OB(O)c1ccccc1,7,7.0,50.0,-6.949578332087209
18,C12=CC=C3C(C(C4=C(C=C(OCCCCCCO2)C=C5)C5=CC=C4P(C6=CC=CC=C6)C7=CC=CC=C7)=C(P(C8=CC=CC=C8)C9=CC=CC=C9)C=C3)=C1,L1.10,2,O=C1C=CCCC1,0,OB(O)c1ccccc1,7,4.5,100.0,-9.47788915343449
19,C12=CC=C3C(C(C4=C(C=C(OCCOCCO2)C=C5)C5=CC=C4P(C6=CC=CC=C6)C7=CC=CC=C7)=C(P(C8=CC=CC=C8)C9=CC=CC=C9)C=C3)=C1,L1.12,2,O=C1C=CCCC1,0,CC(C)(C)c1ccc(B(O)O)cc1,20,0.5,100.0,-16.42178532510618
20,C12=CC=C3C(C(C4=C(C=C(OCCOCCO2)C=C5)C5=CC=C4P(C6=CC=CC=C6)C7=CC=CC=C7)=C(P(C8=CC=CC=C8)C9=CC=CC=C9)C=C3)=C1,L1.12,2,O=C1C=CCCC1,0,COc1ccc(B(O)O)cc1,10,2.0,100.0,-12.073863035611197
21,C12=CC=C3C(C(C4=C(C=C(OCCOCCO2)C=C5)C5=CC=C4P(C6=CC=CC=C6)C7=CC=CC=C7)=C(P(C8=CC=CC=C8)C9=CC=CC=C9)C=C3)=C1,L1.12,2,O=C1C=CCCC1,0,COc1cccc(B(O)O)c1,18,2.0,100.0,-12.073863035611197
22,C12=CC=C3C(C(C4=C(C=C(OCCOCCO2)C=C5)C5=CC=C4P(C6=CC=CC=C6)C7=CC=CC=C7)=C(P(C8=CC=CC=C8)C9=CC=CC=C9)C=C3)=C1,L1.12,2,O=C1C=CCCC1,0,Cc1ccc(B(O)O)cc1,12,3.0,100.0,-10.784141163895436
23,C12=CC=C3C(C(C4=C(C=C(OCCOCCO2)C=C5)C5=CC=C4P(C6=CC=CC=C6)C7=CC=CC=C7)=C(P(C8=CC=CC=C8)C9=CC=CC=C9)C=C3)=C1,L1.12,2,O=C1C=CCCC1,0,OB(O)c1ccc(C(F)(F)F)cc1,9,0.5,100.0,-16.42178532510618
24,C12=CC=C3C(C(C4=C(C=C(OCCOCCO2)C=C5)C5=CC=C4P(C6=CC=CC=C6)C7=CC=CC=C7)=C(P(C8=CC=CC=C8)C9=CC=CC=C9)C=C3)=C1,L1.12,2,O=C1C=CCCC1,0,OB(O)c1ccc(Cl)cc1,22,1.0,100.0,-14.255757833854181
25,C12=CC=C3C(C(C4=C(C=C(OCCOCCO2)C=C5)C5=CC=C4P(C6=CC=CC=C6)C7=CC=CC=C7)=C(P(C8=CC=CC=C8)C9=CC=CC=C9)C=C3)=C1,L1.12,2,CC(=O)/C=C/C(C)C,12,OB(O)c1ccccc1,7,1.5,100.0,-12.982147179797291
26,C12=CC=C3C(C(C4=C(C=C(OCCOCCO2)C=C5)C5=CC=C4P(C6=CC=CC=C6)C7=CC=CC=C7)=C(P(C8=CC=CC=C8)C9=CC=CC=C9)C=C3)=C1,L1.12,2,CC(=O)OC1CCCC=C1[N+](=O)[O-],209,OB(O)c1ccccc1,7,11.5,50.0,-5.4825661203137965
27,C12=CC=C3C(C(C4=C(C=C(OCCOCCO2)C=C5)C5=CC=C4P(C6=CC=CC=C6)C7=CC=CC=C7)=C(P(C8=CC=CC=C8)C9=CC=CC=C9)C=C3)=C1,L1.12,2,O=C1C=CCC1,6,OB(O)c1ccccc1,7,5.0,100.0,-9.13473650580151
28,C12=CC=C3C(C(C4=C(C=C(OCCOCCO2)C=C5)C5=CC=C4P(C6=CC=CC=C6)C7=CC=CC=C7)=C(P(C8=CC=CC=C8)C9=CC=CC=C9)C=C3)=C1,L1.12,2,O=C1C=CCCC1,0,OB(O)c1ccccc1,7,4.0,100.0,-9.85949600140811
29,C12=CC=C3C(C(C4=C(C=C(OCCOCCO2)C=C5)C5=CC=C4P(C6=CC=CC=C6)C7=CC=CC=C7)=C(P(C8=CC=CC=C8)C9=CC=CC=C9)C=C3)=C1,L1.12,2,O=C1C=CCCCC1,15,OB(O)c1ccccc1,7,5.0,100.0,-9.13473650580151
30,C12=CC=C3C(C(C4=C(C=C(OCCOCCOCCO2)C=C5)C5=CC=C4P(C6=CC=CC=C6)C7=CC=CC=C7)=C(P(C8=CC=CC=C8)C9=CC=CC=C9)C=C3)=C1,L1.13,2,CC(=O)OC1CCCC=C1[N+](=O)[O-],209,OB(O)c1ccccc1,7,5.0,50.0,-7.91073322216202
31,C12=CC=C3C(C(C4=C(C=C(OCCOCCOCCO2)C=C5)C5=CC=C4P(C6=CC=CC=C6)C7=CC=CC=C7)=C(P(C8=CC=CC=C8)C9=CC=CC=C9)C=C3)=C1,L1.13,2,O=C1C=CCCC1,0,OB(O)c1ccccc1,7,2.0,100.0,-12.073863035611197
32,C12=CC=CC=C1C=CC(P(C3=CC=CC=C3)C4=CC=CC=C4)=C2C5=C(C=CC=C6)C6=CC=C5P(C7=CC=CC=C7)C8=CC=CC=C8,L1.18,1,O=C1C=CCCC1,0,C(=C/c1ccccc1)\B1Oc2ccccc2O1,102,96.0,100.0,9.85949600140811
33,C12=CC=CC=C1C=CC(P(C3=CC=CC=C3)C4=CC=CC=C4)=C2C5=C(C=CC=C6)C6=CC=C5P(C7=CC=CC=C7)C8=CC=CC=C8,L1.18,1,O=C1C=CCC1,6,C/C=C(\C)B1Oc2ccccc2O1,92,97.5,100.0,11.365720446897749
34,C12=CC=CC=C1C=CC(P(C3=CC=CC=C3)C4=CC=CC=C4)=C2C5=C(C=CC=C6)C6=CC=C5P(C7=CC=CC=C7)C8=CC=CC=C8,L1.18,1,O=C1C=CCCC1,0,C/C=C(\C)B1Oc2ccccc2O1,92,99.5,100.0,16.42178532510618
35,C12=CC=CC=C1C=CC(P(C3=CC=CC=C3)C4=CC=CC=C4)=C2C5=C(C=CC=C6)C6=CC=C5P(C7=CC=CC=C7)C8=CC=CC=C8,L1.18,1,COc1ccc2c(c1)C(=O)C=CC21OCCO1,84,C=C(C)[B-](F)(F)F.[K+],90,98.0,110.0,12.397428975196114
36,C12=CC=CC=C1C=CC(P(C3=CC=CC=C3)C4=CC=CC=C4)=C2C5=C(C=CC=C6)C6=CC=C5P(C7=CC=CC=C7)C8=CC=CC=C8,L1.18,1,O=C1C=CCCC1,0,C=C(C)[B-](F)(F)F.[K+],90,95.0,36.0,7.568012302742962
37,C12=CC=CC=C1C=CC(P(C3=CC=CC=C3)C4=CC=CC=C4)=C2C5=C(C=CC=C6)C6=CC=C5P(C7=CC=CC=C7)C8=CC=CC=C8,L1.1,2,O=C1C=CCCC1,0,C=C[B-](F)(F)F.[K+],97,4.0,110.0,-10.123719396863237
38,C12=CC=CC=C1C=CC(P(C3=CC=CC=C3)C4=CC=CC=C4)=C2C5=C(C=CC=C6)C6=CC=C5P(C7=CC=CC=C7)C8=CC=CC=C8,L1.18,1,O=C1C=CCCC1,0,CC(C)(C)/C=C/B(O)O,99,95.5,100.0,9.47788915343449
39,C12=CC=CC=C1C=CC(P(C3=CC=CC=C3)C4=CC=CC=C4)=C2C5=C(C=CC=C6)C6=CC=C5P(C7=CC=CC=C7)C8=CC=CC=C8,L1.18,1,O=C1C=CCO1,109,CC(C)(C)/C=C/B1OC(C)(C)C(C)(C)O1,120,93.0,65.0,7.272164360189665
40,C12=CC=CC=C1C=CC(P(C3=CC=CC=C3)C4=CC=CC=C4)=C2C5=C(C=CC=C6)C6=CC=C5P(C7=CC=CC=C7)C8=CC=CC=C8,L1.18,1,O=C1C=CCCC1,0,CC(C)(C)/C=C/B1Oc2ccccc2O1,100,96.0,100.0,9.85949600140811
41,C12=CC=CC=C1C=CC(P(C3=CC=CC=C3)C4=CC=CC=C4)=C2C5=C(C=CC=C6)C6=CC=C5P(C7=CC=CC=C7)C8=CC=CC=C8,L1.1,2,CC(C)(C)OC(=O)/C=C1/C(=O)N(Cc2ccccc2)c2ccccc21,190,CC(C)(C)c1ccc(B(O)O)cc1,20,7.0,40.0,-6.734520980018906
42,C12=CC=CC=C1C=CC(P(C3=CC=CC=C3)C4=CC=CC=C4)=C2C5=C(C=CC=C6)C6=CC=C5P(C7=CC=CC=C7)C8=CC=CC=C8,L1.18,1,O=C1C=CCO1,109,CC1(C)OB(/C=C/c2ccccc2)OC1(C)C,121,86.5,65.0,5.22200940288266
43,C12=CC=CC=C1C=CC(P(C3=CC=CC=C3)C4=CC=CC=C4)=C2C5=C(C=CC=C6)C6=CC=C5P(C7=CC=CC=C7)C8=CC=CC=C8,L1.18,1,C/C=C/C(=O)NCc1ccccc1,160,CC1(C)OB(c2ccccc2)OC1(C)C,0,95.5,100.0,9.47788915343449
44,C12=CC=CC=C1C=CC(P(C3=CC=CC=C3)C4=CC=CC=C4)=C2C5=C(C=CC=C6)C6=CC=C5P(C7=CC=CC=C7)C8=CC=CC=C8,L1.18,1,C/C=C/C(=O)OCc1ccccc1,100,CC1(C)OB(c2ccccc2)OC1(C)C,0,93.5,100.0,8.271410102019884
45,C12=CC=CC=C1C=CC(P(C3=CC=CC=C3)C4=CC=CC=C4)=C2C5=C(C=CC=C6)C6=CC=C5P(C7=CC=CC=C7)C8=CC=CC=C8,L1.18,1,O=C1C=CCC1,6,CC12CO[B-](c3ccsc3)(OC1)OC2.[Li+],81,94.0,95.0,8.421896809777015
46,C12=CC=CC=C1C=CC(P(C3=CC=CC=C3)C4=CC=CC=C4)=C2C5=C(C=CC=C6)C6=CC=C5P(C7=CC=CC=C7)C8=CC=CC=C8,L1.18,1,O=C1C=CCCC1,0,CC12CO[B-](c3ccsc3)(OC1)OC2.[Li+],81,95.0,95.0,9.01233617743756
47,C12=CC=CC=C1C=CC(P(C3=CC=CC=C3)C4=CC=CC=C4)=C2C5=C(C=CC=C6)C6=CC=C5P(C7=CC=CC=C7)C8=CC=CC=C8,L1.18,1,O=C1C=CCO1,109,CCCC/C=C/B1OC(C)(C)C(C)(C)O1,119,91.0,65.0,6.504504884928405
48,C12=CC=CC=C1C=CC(P(C3=CC=CC=C3)C4=CC=CC=C4)=C2C5=C(C=CC=C6)C6=CC=C5P(C7=CC=CC=C7)C8=CC=CC=C8,L1.18,1,O=C1C=CCC1,6,CCCCC/C=C/B(O)O,95,98.0,100.0,12.073863035611195
49,C12=CC=CC=C1C=CC(P(C3=CC=CC=C3)C4=CC=CC=C4)=C2C5=C(C=CC=C6)C6=CC=C5P(C7=CC=CC=C7)C8=CC=CC=C8,L1.18,1,O=C1C=CCCC1,0,CCCCC/C=C/B(O)O,95,97.0,100.0,10.784141163895436
50,C12=CC=CC=C1C=CC(P(C3=CC=CC=C3)C4=CC=CC=C4)=C2C5=C(C=CC=C6)C6=CC=C5P(C7=CC=CC=C7)C8=CC=CC=C8,L1.18,1,O=[N+]([O-])C1=CCCCC1,208,CCCCC/C=C/B(O)O,95,91.5,100.0,7.372075335145428
51,C12=CC=CC=C1C=CC(P(C3=CC=CC=C3)C4=CC=CC=C4)=C2C5=C(C=CC=C6)C6=CC=C5P(C7=CC=CC=C7)C8=CC=CC=C8,L1.18,1,CC(=O)/C=C/C(C)C,12,CCCCC/C=C/B1Oc2ccccc2O1,96,90.5,100.0,6.992920050439323
52,C12=CC=CC=C1C=CC(P(C3=CC=CC=C3)C4=CC=CC=C4)=C2C5=C(C=CC=C6)C6=CC=C5P(C7=CC=CC=C7)C8=CC=CC=C8,L1.18,1,O=C1C=CCC1,6,CCCCC/C=C/B1Oc2ccccc2O1,96,99.0,100.0,14.255757833854181
53,C12=CC=CC=C1C=CC(P(C3=CC=CC=C3)C4=CC=CC=C4)=C2C5=C(C=CC=C6)C6=CC=C5P(C7=CC=CC=C7)C8=CC=CC=C8,L1.18,1,O=C1C=CCCC1,0,CCCCC/C=C/B1Oc2ccccc2O1,96,98.0,100.0,12.073863035611195
54,C12=CC=CC=C1C=CC(P(C3=CC=CC=C3)C4=CC=CC=C4)=C2C5=C(C=CC=C6)C6=CC=C5P(C7=CC=CC=C7)C8=CC=CC=C8,L1.18,1,O=C1C=CCCC1,0,COC/C=C/B1Oc2ccccc2O1,98,97.0,100.0,10.784141163895436
55,C12=CC=CC=C1C=CC(P(C3=CC=CC=C3)C4=CC=CC=C4)=C2C5=C(C=CC=C6)C6=CC=C5P(C7=CC=CC=C7)C8=CC=CC=C8,L1.18,1,CCC/C=C/C(=O)OC(C)C,113,CO[B-](OC)(OC)c1ccc(C(F)(F)F)cc1.[Li+],114,98.0,100.0,12.073863035611195
56,C12=CC=CC=C1C=CC(P(C3=CC=CC=C3)C4=CC=CC=C4)=C2C5=C(C=CC=C6)C6=CC=C5P(C7=CC=CC=C7)C8=CC=CC=C8,L1.18,1,CCC/C=C/C(=O)OC(C)C,113,CO[B-](OC)(OC)c1ccc(C)cc1.[Li+],48,97.0,100.0,10.784141163895436
57,C12=CC=CC=C1C=CC(P(C3=CC=CC=C3)C4=CC=CC=C4)=C2C5=C(C=CC=C6)C6=CC=C5P(C7=CC=CC=C7)C8=CC=CC=C8,L1.18,1,CCC/C=C/C(=O)OC(C)C,113,CO[B-](OC)(OC)c1ccc(Cl)cc1.[Li+],115,98.5,100.0,12.982147179797291
58,C12=CC=CC=C1C=CC(P(C3=CC=CC=C3)C4=CC=CC=C4)=C2C5=C(C=CC=C6)C6=CC=C5P(C7=CC=CC=C7)C8=CC=CC=C8,L1.18,1,CCC/C=C/C(=O)OC(C)C,113,CO[B-](OC)(OC)c1ccc2ccccc2c1.[Li+],66,96.5,100.0,10.289875907126081
59,C12=CC=CC=C1C=CC(P(C3=CC=CC=C3)C4=CC=CC=C4)=C2C5=C(C=CC=C6)C6=CC=C5P(C7=CC=CC=C7)C8=CC=CC=C8,L1.18,1,O=C1C=CCCC1,0,CO[B-](OC)(OC)c1ccc2ccccc2c1.[Li+],66,99.5,100.0,16.42178532510618
60,C12=CC=CC=C1C=CC(P(C3=CC=CC=C3)C4=CC=CC=C4)=C2C5=C(C=CC=C6)C6=CC=C5P(C7=CC=CC=C7)C8=CC=CC=C8,L1.18,1,CC(=O)/C=C/C(C)C,12,CO[B-](OC)(OC)c1ccccc1.[Li+],67,98.5,100.0,12.982147179797291
61,C12=CC=CC=C1C=CC(P(C3=CC=CC=C3)C4=CC=CC=C4)=C2C5=C(C=CC=C6)C6=CC=C5P(C7=CC=CC=C7)C8=CC=CC=C8,L1.18,1,CCC/C=C/C(=O)OC,111,CO[B-](OC)(OC)c1ccccc1.[Li+],67,94.5,100.0,8.822677770172534
62,C12=CC=CC=C1C=CC(P(C3=CC=CC=C3)C4=CC=CC=C4)=C2C5=C(C=CC=C6)C6=CC=C5P(C7=CC=CC=C7)C8=CC=CC=C8,L1.18,1,CCC/C=C/C(=O)OC(C)(C)C,115,CO[B-](OC)(OC)c1ccccc1.[Li+],67,98.0,100.0,12.073863035611195
63,C12=CC=CC=C1C=CC(P(C3=CC=CC=C3)C4=CC=CC=C4)=C2C5=C(C=CC=C6)C6=CC=C5P(C7=CC=CC=C7)C8=CC=CC=C8,L1.18,1,CCC/C=C/C(=O)OC(C)C,113,CO[B-](OC)(OC)c1ccccc1.[Li+],67,99.0,100.0,14.255757833854181
64,C12=CC=CC=C1C=CC(P(C3=CC=CC=C3)C4=CC=CC=C4)=C2C5=C(C=CC=C6)C6=CC=C5P(C7=CC=CC=C7)C8=CC=CC=C8,L1.18,1,CCC/C=C/C(=O)OCC,112,CO[B-](OC)(OC)c1ccccc1.[Li+],67,95.5,100.0,9.47788915343449
65,C12=CC=CC=C1C=CC(P(C3=CC=CC=C3)C4=CC=CC=C4)=C2C5=C(C=CC=C6)C6=CC=C5P(C7=CC=CC=C7)C8=CC=CC=C8,L1.18,1,CCCC/C=C/C(=O)OC(C)C,116,CO[B-](OC)(OC)c1ccccc1.[Li+],67,97.5,100.0,11.365720446897749
66,C12=CC=CC=C1C=CC(P(C3=CC=CC=C3)C4=CC=CC=C4)=C2C5=C(C=CC=C6)C6=CC=C5P(C7=CC=CC=C7)C8=CC=CC=C8,L1.18,1,O=C1C=CCCO1,110,CO[B-](OC)(OC)c1ccccc1.[Li+],67,99.0,100.0,14.255757833854181
67,C12=CC=CC=C1C=CC(P(C3=CC=CC=C3)C4=CC=CC=C4)=C2C5=C(C=CC=C6)C6=CC=C5P(C7=CC=CC=C7)C8=CC=CC=C8,L1.18,1,CC(=O)/C=C/c1ccc2c(c1)OCO2,83,CO[C@H](C/C=C/[B-](F)(F)F)c1ccccc1.[K+],105,87.0,80.0,5.581384298288408
68,C12=CC=CC=C1C=CC(P(C3=CC=CC=C3)C4=CC=CC=C4)=C2C5=C(C=CC=C6)C6=CC=C5P(C7=CC=CC=C7)C8=CC=CC=C8,L1.18,1,C/C=C/C(=O)OC(C)C,97,COc1ccc(B(O)O)cc1,10,96.0,100.0,9.85949600140811
69,C12=CC=CC=C1C=CC(P(C3=CC=CC=C3)C4=CC=CC=C4)=C2C5=C(C=CC=C6)C6=CC=C5P(C7=CC=CC=C7)C8=CC=CC=C8,L1.1,2,C/C=C/S(=O)(=O)c1ccccn1,243,COc1ccc(B(O)O)cc1,10,13.0,100.0,-5.897475721099587
70,C12=CC=CC=C1C=CC(P(C3=CC=CC=C3)C4=CC=CC=C4)=C2C5=C(C=CC=C6)C6=CC=C5P(C7=CC=CC=C7)C8=CC=CC=C8,L1.18,1,CC(=O)OC1CCCC=C1[N+](=O)[O-],209,COc1ccc(B(O)O)cc1,10,98.0,50.0,10.456033337686609
71,C12=CC=CC=C1C=CC(P(C3=CC=CC=C3)C4=CC=CC=C4)=C2C5=C(C=CC=C6)C6=CC=C5P(C7=CC=CC=C7)C8=CC=CC=C8,L1.1,2,CC(C)(C)OC(=O)/C=C1/C(=O)N(Cc2ccccc2)c2ccccc21,190,COc1ccc(B(O)O)cc1,10,7.0,40.0,-6.734520980018906
72,C12=CC=CC=C1C=CC(P(C3=CC=CC=C3)C4=CC=CC=C4)=C2C5=C(C=CC=C6)C6=CC=C5P(C7=CC=CC=C7)C8=CC=CC=C8,L1.1,2,O=C/C=C/c1ccccc1,87,COc1ccc(B(O)O)cc1,10,5.5,50.0,-7.640488600914524
73,C12=CC=CC=C1C=CC(P(C3=CC=CC=C3)C4=CC=CC=C4)=C2C5=C(C=CC=C6)C6=CC=C5P(C7=CC=CC=C7)C8=CC=CC=C8,L1.18,1,O=C1C=CCC1,6,COc1ccc(B(O)O)cc1,10,96.0,100.0,9.85949600140811
74,C12=CC=CC=C1C=CC(P(C3=CC=CC=C3)C4=CC=CC=C4)=C2C5=C(C=CC=C6)C6=CC=C5P(C7=CC=CC=C7)C8=CC=CC=C8,L1.18,1,C/C=C/C(=O)NCc1ccccc1,160,COc1ccc([B-](F)(F)F)cc1.[K+],50,88.5,100.0,6.33086661858299
75,C12=CC=CC=C1C=CC(P(C3=CC=CC=C3)C4=CC=CC=C4)=C2C5=C(C=CC=C6)C6=CC=C5P(C7=CC=CC=C7)C8=CC=CC=C8,L1.1,2,O=C1C=CCCC1,0,COc1ccc([B-](F)(F)F)cc1.[K+],50,5.0,110.0,-9.379537162529408
76,C12=CC=CC=C1C=CC(P(C3=CC=CC=C3)C4=CC=CC=C4)=C2C5=C(C=CC=C6)C6=CC=C5P(C7=CC=CC=C7)C8=CC=CC=C8,L1.1,2,O=C1C=CCCCC1,15,COc1ccc([B-](F)(F)F)cc1.[K+],50,3.0,110.0,-11.07314400896834
77,C12=CC=CC=C1C=CC(P(C3=CC=CC=C3)C4=CC=CC=C4)=C2C5=C(C=CC=C6)C6=CC=C5P(C7=CC=CC=C7)C8=CC=CC=C8,L1.18,1,O=C1C=CCCC1,0,COc1ccc([B-](OC(C)C)(OC(C)C)OC(C)C)cc1.[Li+],52,96.5,60.0,9.186847537073707
78,C12=CC=CC=C1C=CC(P(C3=CC=CC=C3)C4=CC=CC=C4)=C2C5=C(C=CC=C6)C6=CC=C5P(C7=CC=CC=C7)C8=CC=CC=C8,L1.18,1,O=C1C=CCCC1,0,COc1ccc([B-](OC(C)C)(OC(C)C)OC(C)C)cc1C.[Li+],63,99.5,100.0,16.42178532510618
79,C12=CC=CC=C1C=CC(P(C3=CC=CC=C3)C4=CC=CC=C4)=C2C5=C(C=CC=C6)C6=CC=C5P(C7=CC=CC=C7)C8=CC=CC=C8,L1.18,1,O=C1C=CCCC1,0,COc1ccc([B-](OC)(OC)OC)cc1.[Li+],51,99.0,100.0,14.255757833854181
80,C12=CC=CC=C1C=CC(P(C3=CC=CC=C3)C4=CC=CC=C4)=C2C5=C(C=CC=C6)C6=CC=C5P(C7=CC=CC=C7)C8=CC=CC=C8,L1.18,1,O=C1C=CCC1,6,COc1ccc([B-]23OCC(C)(CO2)CO3)cn1.[Li+],82,96.0,95.0,9.727384303680545
81,C12=CC=CC=C1C=CC(P(C3=CC=CC=C3)C4=CC=CC=C4)=C2C5=C(C=CC=C6)C6=CC=C5P(C7=CC=CC=C7)C8=CC=CC=C8,L1.18,1,O=C1C=CCCC1,0,COc1ccc([B-]23OCC(C)(CO2)CO3)cn1.[Li+],82,98.5,95.0,12.808193713633589
82,C12=CC=CC=C1C=CC(P(C3=CC=CC=C3)C4=CC=CC=C4)=C2C5=C(C=CC=C6)C6=CC=C5P(C7=CC=CC=C7)C8=CC=CC=C8,L1.18,1,O=C1C=CCCCC1,15,COc1ccc([B-]23OCC(C)(CO2)CO3)cn1.[Li+],82,96.5,95.0,10.151997360869535
83,C12=CC=CC=C1C=CC(P(C3=CC=CC=C3)C4=CC=CC=C4)=C2C5=C(C=CC=C6)C6=CC=C5P(C7=CC=CC=C7)C8=CC=CC=C8,L1.18,1,O=C1C=CCCC1,0,COc1ccc([B-]23OCC(C)(CO2)CO3)s1.[Li+],83,95.0,95.0,9.01233617743756
84,C12=CC=CC=C1C=CC(P(C3=CC=CC=C3)C4=CC=CC=C4)=C2C5=C(C=CC=C6)C6=CC=C5P(C7=CC=CC=C7)C8=CC=CC=C8,L1.18,1,C/C=C/C(=O)OC(C)(C)C,98,COc1cccc(B(O)O)c1,18,96.0,100.0,9.85949600140811
85,C12=CC=CC=C1C=CC(P(C3=CC=CC=C3)C4=CC=CC=C4)=C2C5=C(C=CC=C6)C6=CC=C5P(C7=CC=CC=C7)C8=CC=CC=C8,L1.18,1,C/C=C/C(=O)OC(C)C,97,COc1cccc(B(O)O)c1,18,95.5,100.0,9.47788915343449
86,C12=CC=CC=C1C=CC(P(C3=CC=CC=C3)C4=CC=CC=C4)=C2C5=C(C=CC=C6)C6=CC=C5P(C7=CC=CC=C7)C8=CC=CC=C8,L1.18,1,C/C=C/C(=O)OC1CCCCC1,99,COc1cccc(B(O)O)c1,18,95.5,100.0,9.47788915343449
87,C12=CC=CC=C1C=CC(P(C3=CC=CC=C3)C4=CC=CC=C4)=C2C5=C(C=CC=C6)C6=CC=C5P(C7=CC=CC=C7)C8=CC=CC=C8,L1.18,1,C/C=C/C(=O)OCC,96,COc1cccc(B(O)O)c1,18,93.5,100.0,8.271410102019884
88,C12=CC=CC=C1C=CC(P(C3=CC=CC=C3)C4=CC=CC=C4)=C2C5=C(C=CC=C6)C6=CC=C5P(C7=CC=CC=C7)C8=CC=CC=C8,L1.18,1,C/C=C/C(=O)OCc1ccccc1,100,COc1cccc(B(O)O)c1,18,93.5,100.0,8.271410102019884
89,C12=CC=CC=C1C=CC(P(C3=CC=CC=C3)C4=CC=CC=C4)=C2C5=C(C=CC=C6)C6=CC=C5P(C7=CC=CC=C7)C8=CC=CC=C8,L1.18,1,CC(=O)OC1CCCC=C1[N+](=O)[O-],209,COc1cccc(B(O)O)c1,18,98.0,50.0,10.456033337686609
90,C12=CC=CC=C1C=CC(P(C3=CC=CC=C3)C4=CC=CC=C4)=C2C5=C(C=CC=C6)C6=CC=C5P(C7=CC=CC=C7)C8=CC=CC=C8,L1.1,2,CC(C)(C)OC(=O)/C=C1/C(=O)N(Cc2ccccc2)c2ccccc21,190,COc1cccc(B(O)O)c1,18,9.5,40.0,-5.868505731730066
91,C12=CC=CC=C1C=CC(P(C3=CC=CC=C3)C4=CC=CC=C4)=C2C5=C(C=CC=C6)C6=CC=C5P(C7=CC=CC=C7)C8=CC=CC=C8,L1.18,1,O=C1C=CCCC1,0,COc1cccc(B(O)O)c1,18,98.0,100.0,12.073863035611195
92,C12=CC=CC=C1C=CC(P(C3=CC=CC=C3)C4=CC=CC=C4)=C2C5=C(C=CC=C6)C6=CC=C5P(C7=CC=CC=C7)C8=CC=CC=C8,L1.18,1,O=C1C=CCCO1,110,COc1cccc(B(O)O)c1,18,99.0,100.0,14.255757833854181
93,C12=CC=CC=C1C=CC(P(C3=CC=CC=C3)C4=CC=CC=C4)=C2C5=C(C=CC=C6)C6=CC=C5P(C7=CC=CC=C7)C8=CC=CC=C8,L1.18,1,C/C=C/P(=O)(OCC)OCC,196,COc1cccc(B2OB(c3cccc(OC)c3)OB(c3cccc(OC)c3)O2)c1,42,97.5,100.0,11.365720446897749
94,C12=CC=CC=C1C=CC(P(C3=CC=CC=C3)C4=CC=CC=C4)=C2C5=C(C=CC=C6)C6=CC=C5P(C7=CC=CC=C7)C8=CC=CC=C8,L1.1,2,C/C=C/C(=O)NCc1ccccc1,160,COc1cccc([B-](F)(F)F)c1.[K+],122,7.0,110.0,-8.239922444497026
95,C12=CC=CC=C1C=CC(P(C3=CC=CC=C3)C4=CC=CC=C4)=C2C5=C(C=CC=C6)C6=CC=C5P(C7=CC=CC=C7)C8=CC=CC=C8,L1.18,1,CCC/C=C/C(=O)OC(C)C,113,COc1cccc([B-](OC)(OC)OC)c1.[Li+],113,98.5,100.0,12.982147179797291
96,C12=CC=CC=C1C=CC(P(C3=CC=CC=C3)C4=CC=CC=C4)=C2C5=C(C=CC=C6)C6=CC=C5P(C7=CC=CC=C7)C8=CC=CC=C8,L1.18,1,O=C1C=CCCC1,0,COc1cccc([B-]23OCC(C)(CO2)CO3)n1.[Li+],85,77.5,95.0,3.785481936091071
97,C12=CC=CC=C1C=CC(P(C3=CC=CC=C3)C4=CC=CC=C4)=C2C5=C(C=CC=C6)C6=CC=C5P(C7=CC=CC=C7)C8=CC=CC=C8,L1.18,1,C/C=C/C(=O)OC(C)C,97,COc1ccccc1B(O)O,14,99.0,100.0,14.255757833854181
98,C12=CC=CC=C1C=CC(P(C3=CC=CC=C3)C4=CC=CC=C4)=C2C5=C(C=CC=C6)C6=CC=C5P(C7=CC=CC=C7)C8=CC=CC=C8,L1.1,2,O=C1C=CCCCC1,15,Cc1ccc(/C=C/B(O)O)cc1,106,2.5,110.0,-11.670308962156968
99,C12=CC=CC=C1C=CC(P(C3=CC=CC=C3)C4=CC=CC=C4)=C2C5=C(C=CC=C6)C6=CC=C5P(C7=CC=CC=C7)C8=CC=CC=C8,L1.1,2,O=C1C=CCCC1,0,Cc1ccc(/C=C/[B-](F)(F)F)cc1.[K+],104,2.5,110.0,-11.670308962156968
100,C12=CC=CC=C1C=CC(P(C3=CC=CC=C3)C4=CC=CC=C4)=C2C5=C(C=CC=C6)C6=CC=C5P(C7=CC=CC=C7)C8=CC=CC=C8,L1.1,2,C/C=C/C(=O)NC(C)C,155,Cc1ccc(B(O)O)cc1,12,3.0,110.0,-11.07314400896834
101,C12=CC=CC=C1C=CC(P(C3=CC=CC=C3)C4=CC=CC=C4)=C2C5=C(C=CC=C6)C6=CC=C5P(C7=CC=CC=C7)C8=CC=CC=C8,L1.18,1,C/C=C/C(=O)OC(C)C,97,Cc1ccc(B(O)O)cc1,12,96.0,100.0,9.85949600140811
102,C12=CC=CC=C1C=CC(P(C3=CC=CC=C3)C4=CC=CC=C4)=C2C5=C(C=CC=C6)C6=CC=C5P(C7=CC=CC=C7)C8=CC=CC=C8,L1.18,1,C/C=C/P(=O)(OCC)OCC,196,Cc1ccc(B(O)O)cc1,12,93.0,100.0,8.024865092428724
103,C12=CC=CC=C1C=CC(P(C3=CC=CC=C3)C4=CC=CC=C4)=C2C5=C(C=CC=C6)C6=CC=C5P(C7=CC=CC=C7)C8=CC=CC=C8,L1.18,1,CC(=O)OC1CCCC=C1[N+](=O)[O-],209,Cc1ccc(B(O)O)cc1,12,97.5,50.0,9.842777870601655
104,C12=CC=CC=C1C=CC(P(C3=CC=CC=C3)C4=CC=CC=C4)=C2C5=C(C=CC=C6)C6=CC=C5P(C7=CC=CC=C7)C8=CC=CC=C8,L1.1,2,CC(C)(C)OC(=O)/C=C1/C(=O)N(Cc2ccccc2)c2ccccc21,190,Cc1ccc(B(O)O)cc1,12,4.5,40.0,-7.953908584746109
105,C12=CC=CC=C1C=CC(P(C3=CC=CC=C3)C4=CC=CC=C4)=C2C5=C(C=CC=C6)C6=CC=C5P(C7=CC=CC=C7)C8=CC=CC=C8,L1.18,1,CC(C)OC(=O)/C=C/c1ccccc1,126,Cc1ccc(B(O)O)cc1,12,89.0,100.0,6.48625057522743
106,C12=CC=CC=C1C=CC(P(C3=CC=CC=C3)C4=CC=CC=C4)=C2C5=C(C=CC=C6)C6=CC=C5P(C7=CC=CC=C7)C8=CC=CC=C8,L1.18,1,O=C1C=CCCO1,110,Cc1ccc(B(O)O)cc1,12,98.5,100.0,12.982147179797291
107,C12=CC=CC=C1C=CC(P(C3=CC=CC=C3)C4=CC=CC=C4)=C2C5=C(C=CC=C6)C6=CC=C5P(C7=CC=CC=C7)C8=CC=CC=C8,L1.18,1,O=[N+]([O-])C1=CCCCC1,208,Cc1ccc(B(O)O)cc1,12,99.0,100.0,14.255757833854181
108,C12=CC=CC=C1C=CC(P(C3=CC=CC=C3)C4=CC=CC=C4)=C2C5=C(C=CC=C6)C6=CC=C5P(C7=CC=CC=C7)C8=CC=CC=C8,L1.18,1,C/C=C/P(=O)(OCC)OCC,196,Cc1ccc(B2OB(c3ccc(C)cc3)OB(c3ccc(C)cc3)O2)cc1,27,97.5,100.0,11.365720446897749
109,C12=CC=CC=C1C=CC(P(C3=CC=CC=C3)C4=CC=CC=C4)=C2C5=C(C=CC=C6)C6=CC=C5P(C7=CC=CC=C7)C8=CC=CC=C8,L1.18,1,C/C=C/C(=O)NCc1ccccc1,160,Cc1ccc([B-](F)(F)F)cc1.[K+],123,93.5,100.0,8.271410102019884
110,C12=CC=CC=C1C=CC(P(C3=CC=CC=C3)C4=CC=CC=C4)=C2C5=C(C=CC=C6)C6=CC=C5P(C7=CC=CC=C7)C8=CC=CC=C8,L1.18,1,O=C1C=CCC1,6,Cc1ccc([B-](OC(C)C)(OC(C)C)OC(C)C)cc1.[Li+],19,96.5,100.0,10.289875907126081
111,C12=CC=CC=C1C=CC(P(C3=CC=CC=C3)C4=CC=CC=C4)=C2C5=C(C=CC=C6)C6=CC=C5P(C7=CC=CC=C7)C8=CC=CC=C8,L1.18,1,O=C1C=CCCC1,0,Cc1ccc([B-]23OCC(C)(CO2)CO3)cc1.[Li+],49,99.0,50.0,12.345566512153233
112,C12=CC=CC=C1C=CC(P(C3=CC=CC=C3)C4=CC=CC=C4)=C2C5=C(C=CC=C6)C6=CC=C5P(C7=CC=CC=C7)C8=CC=CC=C8,L1.18,1,C/C=C/C(=O)OC(C)C,97,Cc1ccccc1B(O)O,6,97.0,100.0,10.784141163895436
113,C12=CC=CC=C1C=CC(P(C3=CC=CC=C3)C4=CC=CC=C4)=C2C5=C(C=CC=C6)C6=CC=C5P(C7=CC=CC=C7)C8=CC=CC=C8,L1.18,1,C/C=C/P(=O)(OCC)OCC,196,Clc1cccc(B2OB(c3cccc(Cl)c3)OB(c3cccc(Cl)c3)O2)c1,45,98.0,100.0,12.073863035611195
114,C12=CC=CC=C1C=CC(P(C3=CC=CC=C3)C4=CC=CC=C4)=C2C5=C(C=CC=C6)C6=CC=C5P(C7=CC=CC=C7)C8=CC=CC=C8,L1.18,1,C/C=C/P(=O)(OCC)OCC,196,FC(F)(F)c1ccc(B2OB(c3ccc(C(F)(F)F)cc3)OB(c3ccc(C(F)(F)F)cc3)O2)cc1,132,98.0,100.0,12.073863035611195
115,C12=CC=CC=C1C=CC(P(C3=CC=CC=C3)C4=CC=CC=C4)=C2C5=C(C=CC=C6)C6=CC=C5P(C7=CC=CC=C7)C8=CC=CC=C8,L1.1,2,O=C1C=CCCC1,0,F[B-](F)(F)c1ccc(Br)cc1.[K+],55,2.0,110.0,-12.397428975196116
116,C12=CC=CC=C1C=CC(P(C3=CC=CC=C3)C4=CC=CC=C4)=C2C5=C(C=CC=C6)C6=CC=C5P(C7=CC=CC=C7)C8=CC=CC=C8,L1.1,2,O=C1C=CCCCC1,15,F[B-](F)(F)c1ccc(Br)cc1.[K+],55,3.0,110.0,-11.07314400896834
117,C12=CC=CC=C1C=CC(P(C3=CC=CC=C3)C4=CC=CC=C4)=C2C5=C(C=CC=C6)C6=CC=C5P(C7=CC=CC=C7)C8=CC=CC=C8,L1.18,1,C/C=C/C(=O)NCc1ccccc1,160,F[B-](F)(F)c1ccc(C(F)(F)F)cc1.[K+],124,96.0,100.0,9.85949600140811
118,C12=CC=CC=C1C=CC(P(C3=CC=CC=C3)C4=CC=CC=C4)=C2C5=C(C=CC=C6)C6=CC=C5P(C7=CC=CC=C7)C8=CC=CC=C8,L1.1,2,C/C=C/C(=O)NCc1ccccc1,160,F[B-](F)(F)c1ccc(Cl)cc1.[K+],125,5.0,110.0,-9.379537162529408
119,C12=CC=CC=C1C=CC(P(C3=CC=CC=C3)C4=CC=CC=C4)=C2C5=C(C=CC=C6)C6=CC=C5P(C7=CC=CC=C7)C8=CC=CC=C8,L1.1,2,C/C=C/C(=O)NCc1ccccc1,160,F[B-](F)(F)c1ccc2ccccc2c1.[K+],126,6.0,110.0,-8.765040778666476
120,C12=CC=CC=C1C=CC(P(C3=CC=CC=C3)C4=CC=CC=C4)=C2C5=C(C=CC=C6)C6=CC=C5P(C7=CC=CC=C7)C8=CC=CC=C8,L1.1,2,C/C=C/C(=O)NCc1ccccc1,160,F[B-](F)(F)c1cccc(Cl)c1.[K+],46,3.5,110.0,-10.565632999639174
121,C12=CC=CC=C1C=CC(P(C3=CC=CC=C3)C4=CC=CC=C4)=C2C5=C(C=CC=C6)C6=CC=C5P(C7=CC=CC=C7)C8=CC=CC=C8,L1.18,1,O=C1C=CCCC1,0,F[B-](F)(F)c1cccc(Cl)c1.[K+],46,98.5,110.0,13.330054112124703
122,C12=CC=CC=C1C=CC(P(C3=CC=CC=C3)C4=CC=CC=C4)=C2C5=C(C=CC=C6)C6=CC=C5P(C7=CC=CC=C7)C8=CC=CC=C8,L1.1,2,O=C1C=CCCC1,0,F[B-](F)(F)c1cccc2ccccc12.[K+],64,6.5,110.0,-8.493074582845821
123,C12=CC=CC=C1C=CC(P(C3=CC=CC=C3)C4=CC=CC=C4)=C2C5=C(C=CC=C6)C6=CC=C5P(C7=CC=CC=C7)C8=CC=CC=C8,L1.1,2,C/C=C/C(=O)NCc1ccccc1,160,F[B-](F)(F)c1ccccc1.[K+],1,26.0,110.0,-3.3319423508483035
124,C12=CC=CC=C1C=CC(P(C3=CC=CC=C3)C4=CC=CC=C4)=C2C5=C(C=CC=C6)C6=CC=C5P(C7=CC=CC=C7)C8=CC=CC=C8,L1.1,2,CCCCCC/C=C/C(C)=O,34,F[B-](F)(F)c1ccccc1.[K+],1,2.5,110.0,-11.670308962156968
125,C12=CC=CC=C1C=CC(P(C3=CC=CC=C3)C4=CC=CC=C4)=C2C5=C(C=CC=C6)C6=CC=C5P(C7=CC=CC=C7)C8=CC=CC=C8,L1.18,1,O=C1C=CCC1,6,F[B-](F)(F)c1ccccc1.[K+],1,98.5,100.0,12.982147179797291
126,C12=CC=CC=C1C=CC(P(C3=CC=CC=C3)C4=CC=CC=C4)=C2C5=C(C=CC=C6)C6=CC=C5P(C7=CC=CC=C7)C8=CC=CC=C8,L1.1,2,O=C1C=CCCCC1,15,F[B-](F)(F)c1ccccc1.[K+],1,2.5,110.0,-11.670308962156968
127,C12=CC=CC=C1C=CC(P(C3=CC=CC=C3)C4=CC=CC=C4)=C2C5=C(C=CC=C6)C6=CC=C5P(C7=CC=CC=C7)C8=CC=CC=C8,L1.1,2,O=C1C=CCCN1,176,Fc1ccc(B2OB(c3ccc(F)cc3)OB(c3ccc(F)cc3)O2)cc1,28,1.0,40.0,-11.963528247813043
128,C12=CC=CC=C1C=CC(P(C3=CC=CC=C3)C4=CC=CC=C4)=C2C5=C(C=CC=C6)C6=CC=C5P(C7=CC=CC=C7)C8=CC=CC=C8,L1.1,2,O=C1C=CCCN1Cc1ccccc1,177,Fc1ccc(B2OB(c3ccc(F)cc3)OB(c3ccc(F)cc3)O2)cc1,28,3.5,100.0,-10.289875907126081
129,C12=CC=CC=C1C=CC(P(C3=CC=CC=C3)C4=CC=CC=C4)=C2C5=C(C=CC=C6)C6=CC=C5P(C7=CC=CC=C7)C8=CC=CC=C8,L1.1,2,O=C1C=CCCC1,0,Fc1ccc([B-](F)(F)F)cc1.[K+],53,1.0,110.0,-14.637796098194372
130,C12=CC=CC=C1C=CC(P(C3=CC=CC=C3)C4=CC=CC=C4)=C2C5=C(C=CC=C6)C6=CC=C5P(C7=CC=CC=C7)C8=CC=CC=C8,L1.1,2,CC(C)(C)OC(=O)/C=C/C1CCN(S(C)(=O)=O)CC1,122,OB(O)c1cc(F)cc(F)c1,116,4.0,60.0,-8.802602419587595
131,C12=CC=CC=C1C=CC(P(C3=CC=CC=C3)C4=CC=CC=C4)=C2C5=C(C=CC=C6)C6=CC=C5P(C7=CC=CC=C7)C8=CC=CC=C8,L1.1,2,CC(C)OC(=O)/C=C/C1CCN(S(C)(=O)=O)CC1,121,OB(O)c1cc(F)cc(F)c1,116,0.5,60.0,-14.661443872595802
132,C12=CC=CC=C1C=CC(P(C3=CC=CC=C3)C4=CC=CC=C4)=C2C5=C(C=CC=C6)C6=CC=C5P(C7=CC=CC=C7)C8=CC=CC=C8,L1.18,1,CC(=O)OC1CCCC=C1[N+](=O)[O-],209,OB(O)c1ccc(C(F)(F)F)cc1,9,97.0,50.0,9.339126938530914
133,C12=CC=CC=C1C=CC(P(C3=CC=CC=C3)C4=CC=CC=C4)=C2C5=C(C=CC=C6)C6=CC=C5P(C7=CC=CC=C7)C8=CC=CC=C8,L1.18,1,O=C1C=CCC1,6,OB(O)c1ccc(C(F)(F)F)cc1,9,96.5,100.0,10.289875907126081
134,C12=CC=CC=C1C=CC(P(C3=CC=CC=C3)C4=CC=CC=C4)=C2C5=C(C=CC=C6)C6=CC=C5P(C7=CC=CC=C7)C8=CC=CC=C8,L1.18,1,O=C1C=CCCC1,0,OB(O)c1ccc(C(F)(F)F)cc1,9,99.5,100.0,16.42178532510618
135,C12=CC=CC=C1C=CC(P(C3=CC=CC=C3)C4=CC=CC=C4)=C2C5=C(C=CC=C6)C6=CC=C5P(C7=CC=CC=C7)C8=CC=CC=C8,L1.18,1,O=C1C=CCCO1,110,OB(O)c1ccc(C(F)(F)F)cc1,9,98.5,100.0,12.982147179797291
136,C12=CC=CC=C1C=CC(P(C3=CC=CC=C3)C4=CC=CC=C4)=C2C5=C(C=CC=C6)C6=CC=C5P(C7=CC=CC=C7)C8=CC=CC=C8,L1.18,1,O=[N+]([O-])C1=CCCCC1,208,OB(O)c1ccc(C(F)(F)F)cc1,9,99.5,100.0,16.42178532510618
137,C12=CC=CC=C1C=CC(P(C3=CC=CC=C3)C4=CC=CC=C4)=C2C5=C(C=CC=C6)C6=CC=C5P(C7=CC=CC=C7)C8=CC=CC=C8,L1.1,2,C/C=C/C(=O)NC(C)C,155,OB(O)c1ccc(Cl)cc1,22,4.0,110.0,-10.123719396863237
138,C12=CC=CC=C1C=CC(P(C3=CC=CC=C3)C4=CC=CC=C4)=C2C5=C(C=CC=C6)C6=CC=C5P(C7=CC=CC=C7)C8=CC=CC=C8,L1.18,1,CC(=O)OC1CCCC=C1[N+](=O)[O-],209,OB(O)c1ccc(Cl)cc1,22,99.5,50.0,14.22135850946821
139,C12=CC=CC=C1C=CC(P(C3=CC=CC=C3)C4=CC=CC=C4)=C2C5=C(C=CC=C6)C6=CC=C5P(C7=CC=CC=C7)C8=CC=CC=C8,L1.1,2,CC(C)(C)OC(=O)/C=C1/C(=O)N(Cc2ccccc2)c2ccccc21,190,OB(O)c1ccc(Cl)cc1,22,6.0,40.0,-7.163702257182323
140,C12=CC=CC=C1C=CC(P(C3=CC=CC=C3)C4=CC=CC=C4)=C2C5=C(C=CC=C6)C6=CC=C5P(C7=CC=CC=C7)C8=CC=CC=C8,L1.18,1,CCOC(=O)/C=C/CNC(=O)OC(C)(C)C,101,OB(O)c1ccc(Cl)cc1,22,93.5,100.0,8.271410102019884
141,C12=CC=CC=C1C=CC(P(C3=CC=CC=C3)C4=CC=CC=C4)=C2C5=C(C=CC=C6)C6=CC=C5P(C7=CC=CC=C7)C8=CC=CC=C8,L1.18,1,CCOC(=O)/C=C/CNC(=O)OCc1ccccc1,102,OB(O)c1ccc(Cl)cc1,22,94.0,100.0,8.536278132740168
142,C12=CC=CC=C1C=CC(P(C3=CC=CC=C3)C4=CC=CC=C4)=C2C5=C(C=CC=C6)C6=CC=C5P(C7=CC=CC=C7)C8=CC=CC=C8,L1.1,2,C/C=C/S(=O)(=O)c1ccccn1,243,OB(O)c1ccc(F)cc1,21,12.0,100.0,-6.181253776842807
143,C12=CC=CC=C1C=CC(P(C3=CC=CC=C3)C4=CC=CC=C4)=C2C5=C(C=CC=C6)C6=CC=C5P(C7=CC=CC=C7)C8=CC=CC=C8,L1.18,1,CC(=O)OC1CCCC=C1[N+](=O)[O-],209,OB(O)c1ccc(F)cc1,21,99.0,50.0,12.345566512153233
144,C12=CC=CC=C1C=CC(P(C3=CC=CC=C3)C4=CC=CC=C4)=C2C5=C(C=CC=C6)C6=CC=C5P(C7=CC=CC=C7)C8=CC=CC=C8,L1.1,2,CC(C)(C)OC(=O)/C=C1/C(=O)N(Cc2ccccc2)c2ccccc21,190,OB(O)c1ccc(F)cc1,21,6.0,40.0,-7.163702257182323
145,C12=CC=CC=C1C=CC(P(C3=CC=CC=C3)C4=CC=CC=C4)=C2C5=C(C=CC=C6)C6=CC=C5P(C7=CC=CC=C7)C8=CC=CC=C8,L1.18,1,CCOC(=O)/C=C/CN1C(=O)c2ccccc2C1=O,103,OB(O)c1ccc(F)cc1,21,92.5,100.0,7.794099337579717
146,C12=CC=CC=C1C=CC(P(C3=CC=CC=C3)C4=CC=CC=C4)=C2C5=C(C=CC=C6)C6=CC=C5P(C7=CC=CC=C7)C8=CC=CC=C8,L1.1,2,CCOC(=O)/C=C/CNC(=O)OC(C)(C)C,101,OB(O)c1ccc(F)cc1,21,5.0,100.0,-9.13473650580151
147,C12=CC=CC=C1C=CC(P(C3=CC=CC=C3)C4=CC=CC=C4)=C2C5=C(C=CC=C6)C6=CC=C5P(C7=CC=CC=C7)C8=CC=CC=C8,L1.1,2,O=C1C=CCCN1Cc1ccccc1,177,OB(O)c1ccc(F)cc1,21,5.5,100.0,-8.822677770172534
148,C12=CC=CC=C1C=CC(P(C3=CC=CC=C3)C4=CC=CC=C4)=C2C5=C(C=CC=C6)C6=CC=C5P(C7=CC=CC=C7)C8=CC=CC=C8,L1.18,1,O=C1C=CCCO1,110,OB(O)c1ccc(F)cc1,21,98.5,100.0,12.982147179797291
149,C12=CC=CC=C1C=CC(P(C3=CC=CC=C3)C4=CC=CC=C4)=C2C5=C(C=CC=C6)C6=CC=C5P(C7=CC=CC=C7)C8=CC=CC=C8,L1.18,1,CC(=O)OC1CCCC=C1[N+](=O)[O-],209,OB(O)c1ccc2c(c1)OCO2,74,99.0,50.0,12.345566512153233
150,C12=CC=CC=C1C=CC(P(C3=CC=CC=C3)C4=CC=CC=C4)=C2C5=C(C=CC=C6)C6=CC=C5P(C7=CC=CC=C7)C8=CC=CC=C8,L1.1,2,C/C=C/C(=O)NC(C)C,155,OB(O)c1ccc2ccccc2c1,11,2.5,110.0,-11.670308962156968
151,C12=CC=CC=C1C=CC(P(C3=CC=CC=C3)C4=CC=CC=C4)=C2C5=C(C=CC=C6)C6=CC=C5P(C7=CC=CC=C7)C8=CC=CC=C8,L1.18,1,O=C1C=CCCO1,110,OB(O)c1ccc2ccccc2c1,11,99.0,100.0,14.255757833854181
152,C12=CC=CC=C1C=CC(P(C3=CC=CC=C3)C4=CC=CC=C4)=C2C5=C(C=CC=C6)C6=CC=C5P(C7=CC=CC=C7)C8=CC=CC=C8,L1.18,1,O=[N+]([O-])C1=CCCCC1,208,OB(O)c1ccc2ccccc2c1,11,99.0,100.0,14.255757833854181
153,C12=CC=CC=C1C=CC(P(C3=CC=CC=C3)C4=CC=CC=C4)=C2C5=C(C=CC=C6)C6=CC=C5P(C7=CC=CC=C7)C8=CC=CC=C8,L1.1,2,CC(C)(C)OC(=O)/C=C1/C(=O)N(Cc2ccccc2)c2ccccc21,190,OB(O)c1cccc(Cl)c1,8,5.0,40.0,-7.6659325654341215
154,C12=CC=CC=C1C=CC(P(C3=CC=CC=C3)C4=CC=CC=C4)=C2C5=C(C=CC=C6)C6=CC=C5P(C7=CC=CC=C7)C8=CC=CC=C8,L1.18,1,C[Si](C)(C)C1CC=CC(=O)C1,9,OB(O)c1cccc(Cl)c1,8,95.0,100.0,9.134736505801508
155,C12=CC=CC=C1C=CC(P(C3=CC=CC=C3)C4=CC=CC=C4)=C2C5=C(C=CC=C6)C6=CC=C5P(C7=CC=CC=C7)C8=CC=CC=C8,L1.18,1,O=C1C=CCCC1,0,OB(O)c1cccc(Cl)c1,8,98.0,100.0,12.073863035611195
156,C12=CC=CC=C1C=CC(P(C3=CC=CC=C3)C4=CC=CC=C4)=C2C5=C(C=CC=C6)C6=CC=C5P(C7=CC=CC=C7)C8=CC=CC=C8,L1.18,1,O=[N+]([O-])C1=CCCCC1,208,OB(O)c1cccc(Cl)c1,8,99.5,100.0,16.42178532510618
157,C12=CC=CC=C1C=CC(P(C3=CC=CC=C3)C4=CC=CC=C4)=C2C5=C(C=CC=C6)C6=CC=C5P(C7=CC=CC=C7)C8=CC=CC=C8,L1.18,1,CC(C)(C)OC(=O)N[C@@H](CC/C=C/[N+](=O)[O-])C(=O)OCc1ccccc1,205,OB(O)c1cccc(F)c1F,133,93.0,35.0,6.626992303984755
158,C12=CC=CC=C1C=CC(P(C3=CC=CC=C3)C4=CC=CC=C4)=C2C5=C(C=CC=C6)C6=CC=C5P(C7=CC=CC=C7)C8=CC=CC=C8,L1.18,1,O=C1C=CCCC1,0,OB(O)c1cccc2ccccc12,24,99.0,100.0,14.255757833854181
159,C12=CC=CC=C1C=CC(P(C3=CC=CC=C3)C4=CC=CC=C4)=C2C5=C(C=CC=C6)C6=CC=C5P(C7=CC=CC=C7)C8=CC=CC=C8,L1.18,1,C/C=C/C(=O)N(C)OC,156,OB(O)c1ccccc1,7,88.5,50.0,5.4825661203137965
160,C12=CC=CC=C1C=CC(P(C3=CC=CC=C3)C4=CC=CC=C4)=C2C5=C(C=CC=C6)C6=CC=C5P(C7=CC=CC=C7)C8=CC=CC=C8,L1.18,1,C/C=C/C(=O)NC1CCCCC1,158,OB(O)c1ccccc1,7,96.5,100.0,10.289875907126081
161,C12=CC=CC=C1C=CC(P(C3=CC=CC=C3)C4=CC=CC=C4)=C2C5=C(C=CC=C6)C6=CC=C5P(C7=CC=CC=C7)C8=CC=CC=C8,L1.18,1,C/C=C/C(=O)NCc1ccccc1,160,OB(O)c1ccccc1,7,97.5,100.0,11.365720446897749
162,C12=CC=CC=C1C=CC(P(C3=CC=CC=C3)C4=CC=CC=C4)=C2C5=C(C=CC=C6)C6=CC=C5P(C7=CC=CC=C7)C8=CC=CC=C8,L1.18,1,C/C=C/C(=O)Nc1ccccc1,159,OB(O)c1ccccc1,7,95.0,100.0,9.134736505801508
163,C12=CC=CC=C1C=CC(P(C3=CC=CC=C3)C4=CC=CC=C4)=C2C5=C(C=CC=C6)C6=CC=C5P(C7=CC=CC=C7)C8=CC=CC=C8,L1.18,1,C/C=C/C(=O)OCc1ccccc1,100,OB(O)c1ccccc1,7,94.0,60.0,7.621227549034938
164,C12=CC=CC=C1C=CC(P(C3=CC=CC=C3)C4=CC=CC=C4)=C2C5=C(C=CC=C6)C6=CC=C5P(C7=CC=CC=C7)C8=CC=CC=C8,L1.18,1,C/C=C/C(N)=O,154,OB(O)c1ccccc1,7,94.5,100.0,8.822677770172534
165,C12=CC=CC=C1C=CC(P(C3=CC=CC=C3)C4=CC=CC=C4)=C2C5=C(C=CC=C6)C6=CC=C5P(C7=CC=CC=C7)C8=CC=CC=C8,L1.18,1,C/C=C/P(=O)(OCC)OCC,196,OB(O)c1ccccc1,7,92.0,100.0,7.577061974006026
166,C12=CC=CC=C1C=CC(P(C3=CC=CC=C3)C4=CC=CC=C4)=C2C5=C(C=CC=C6)C6=CC=C5P(C7=CC=CC=C7)C8=CC=CC=C8,L1.1,2,C/C=C/S(=O)(=O)c1ccccn1,243,OB(O)c1ccccc1,7,13.5,100.0,-5.762510154326968
167,C12=CC=CC=C1C=CC(P(C3=CC=CC=C3)C4=CC=CC=C4)=C2C5=C(C=CC=C6)C6=CC=C5P(C7=CC=CC=C7)C8=CC=CC=C8,L1.18,1,CC(=O)/C=C/C(C)C,12,OB(O)c1ccccc1,7,98.5,100.0,12.982147179797291
168,C12=CC=CC=C1C=CC(P(C3=CC=CC=C3)C4=CC=CC=C4)=C2C5=C(C=CC=C6)C6=CC=C5P(C7=CC=CC=C7)C8=CC=CC=C8,L1.18,1,CC(=O)/C=C/CC(C)(C(C)=O)C(C)=O,277,OB(O)c1ccccc1,7,93.5,95.0,8.160577861606914
169,C12=CC=CC=C1C=CC(P(C3=CC=CC=C3)C4=CC=CC=C4)=C2C5=C(C=CC=C6)C6=CC=C5P(C7=CC=CC=C7)C8=CC=CC=C8,L1.1,2,CC(=O)/C=C/CCC(C)=O,275,OB(O)c1ccccc1,7,3.0,95.0,-10.639639741358984
170,C12=CC=CC=C1C=CC(P(C3=CC=CC=C3)C4=CC=CC=C4)=C2C5=C(C=CC=C6)C6=CC=C5P(C7=CC=CC=C7)C8=CC=CC=C8,L1.1,2,CC(=O)/C=C/CCCC(C)=O,276,OB(O)c1ccccc1,7,2.5,95.0,-11.21342618926814
171,C12=CC=CC=C1C=CC(P(C3=CC=CC=C3)C4=CC=CC=C4)=C2C5=C(C=CC=C6)C6=CC=C5P(C7=CC=CC=C7)C8=CC=CC=C8,L1.1,2,CC(=O)/C=C/[Si](C)(C)c1ccccc1,2,OB(O)c1ccccc1,7,14.0,50.0,-4.877083460907015
172,C12=CC=CC=C1C=CC(P(C3=CC=CC=C3)C4=CC=CC=C4)=C2C5=C(C=CC=C6)C6=CC=C5P(C7=CC=CC=C7)C8=CC=CC=C8,L1.18,1,CC(=O)/C=C/c1ccccc1,35,OB(O)c1ccccc1,7,51.0,100.0,0.12411131394070084
173,C12=CC=CC=C1C=CC(P(C3=CC=CC=C3)C4=CC=CC=C4)=C2C5=C(C=CC=C6)C6=CC=C5P(C7=CC=CC=C7)C8=CC=CC=C8,L1.18,1,CC(=O)OC1CCC=C1[N+](=O)[O-],202,OB(O)c1ccccc1,7,58.5,50.0,0.9224230406542074
174,C12=CC=CC=C1C=CC(P(C3=CC=CC=C3)C4=CC=CC=C4)=C2C5=C(C=CC=C6)C6=CC=C5P(C7=CC=CC=C7)C8=CC=CC=C8,L1.18,1,CC(=O)OC1CCCC=C1[N+](=O)[O-],209,OB(O)c1ccccc1,7,98.5,50.0,11.242612518160245
175,C12=CC=CC=C1C=CC(P(C3=CC=CC=C3)C4=CC=CC=C4)=C2C5=C(C=CC=C6)C6=CC=C5P(C7=CC=CC=C7)C8=CC=CC=C8,L1.1,2,CC(C)(C)C(=O)OC1CCCC=C1[N+](=O)[O-],210,OB(O)c1ccccc1,7,2.5,100.0,-11.365720446897749
176,C12=CC=CC=C1C=CC(P(C3=CC=CC=C3)C4=CC=CC=C4)=C2C5=C(C=CC=C6)C6=CC=C5P(C7=CC=CC=C7)C8=CC=CC=C8,L1.1,2,CC(C)(C)OC(=O)/C=C1/C(=O)N(Cc2ccccc2)c2ccc(Br)cc21,193,OB(O)c1ccccc1,7,11.0,40.0,-5.443305286432989
177,C12=CC=CC=C1C=CC(P(C3=CC=CC=C3)C4=CC=CC=C4)=C2C5=C(C=CC=C6)C6=CC=C5P(C7=CC=CC=C7)C8=CC=CC=C8,L1.1,2,CC(C)(C)OC(=O)/C=C1/C(=O)N(Cc2ccccc2)c2ccc(Cl)cc21,192,OB(O)c1ccccc1,7,11.0,40.0,-5.443305286432989
178,C12=CC=CC=C1C=CC(P(C3=CC=CC=C3)C4=CC=CC=C4)=C2C5=C(C=CC=C6)C6=CC=C5P(C7=CC=CC=C7)C8=CC=CC=C8,L1.1,2,CC(C)(C)OC(=O)/C=C1/C(=O)N(Cc2ccccc2)c2cccc(Br)c21,191,OB(O)c1ccccc1,7,25.0,40.0,-2.860269063165024
179,C12=CC=CC=C1C=CC(P(C3=CC=CC=C3)C4=CC=CC=C4)=C2C5=C(C=CC=C6)C6=CC=C5P(C7=CC=CC=C7)C8=CC=CC=C8,L1.1,2,CC(C)(C)OC(=O)/C=C1/C(=O)N(Cc2ccccc2)c2ccccc21,190,OB(O)c1ccccc1,7,15.0,75.0,-5.020835885701032
180,C12=CC=CC=C1C=CC(P(C3=CC=CC=C3)C4=CC=CC=C4)=C2C5=C(C=CC=C6)C6=CC=C5P(C7=CC=CC=C7)C8=CC=CC=C8,L1.1,2,CC(C)(C)c1ccccc1N1C(=O)C=CC1=O,171,OB(O)c1ccccc1,7,8.5,50.0,-6.3842587285334185
181,C12=CC=CC=C1C=CC(P(C3=CC=CC=C3)C4=CC=CC=C4)=C2C5=C(C=CC=C6)C6=CC=C5P(C7=CC=CC=C7)C8=CC=CC=C8,L1.18,1,CC(C)=C1CCC=CC1=O,22,OB(O)c1ccccc1,7,94.5,100.0,8.822677770172534
182,C12=CC=CC=C1C=CC(P(C3=CC=CC=C3)C4=CC=CC=C4)=C2C5=C(C=CC=C6)C6=CC=C5P(C7=CC=CC=C7)C8=CC=CC=C8,L1.1,2,CC1(C)CC=CC(=O)C1,18,OB(O)c1ccccc1,7,0.5,40.0,-13.781273146340615
183,C12=CC=CC=C1C=CC(P(C3=CC=CC=C3)C4=CC=CC=C4)=C2C5=C(C=CC=C6)C6=CC=C5P(C7=CC=CC=C7)C8=CC=CC=C8,L1.1,2,CC1=CC(=O)N(Cc2ccccc2)C1=O,175,OB(O)c1ccccc1,7,2.5,50.0,-9.842777870601655
184,C12=CC=CC=C1C=CC(P(C3=CC=CC=C3)C4=CC=CC=C4)=C2C5=C(C=CC=C6)C6=CC=C5P(C7=CC=CC=C7)C8=CC=CC=C8,L1.1,2,CC1=CC(=O)c2ccccc2C1=O,53,OB(O)c1ccccc1,7,0.5,50.0,-14.22135850946821
185,C12=CC=CC=C1C=CC(P(C3=CC=CC=C3)C4=CC=CC=C4)=C2C5=C(C=CC=C6)C6=CC=C5P(C7=CC=CC=C7)C8=CC=CC=C8,L1.18,1,CCC/C=C(\C)[N+](=O)[O-],204,OB(O)c1ccccc1,7,98.5,100.0,12.982147179797291
186,C12=CC=CC=C1C=CC(P(C3=CC=CC=C3)C4=CC=CC=C4)=C2C5=C(C=CC=C6)C6=CC=C5P(C7=CC=CC=C7)C8=CC=CC=C8,L1.18,1,CCC/C=C/C(=O)OC,111,OB(O)c1ccccc1,7,93.0,100.0,8.024865092428724
187,C12=CC=CC=C1C=CC(P(C3=CC=CC=C3)C4=CC=CC=C4)=C2C5=C(C=CC=C6)C6=CC=C5P(C7=CC=CC=C7)C8=CC=CC=C8,L1.18,1,CCC/C=C/C(=O)OC(C)(C)C,115,OB(O)c1ccccc1,7,97.5,100.0,11.365720446897749
188,C12=CC=CC=C1C=CC(P(C3=CC=CC=C3)C4=CC=CC=C4)=C2C5=C(C=CC=C6)C6=CC=C5P(C7=CC=CC=C7)C8=CC=CC=C8,L1.18,1,CCC/C=C/C(=O)OC(C)C,113,OB(O)c1ccccc1,7,97.0,100.0,10.784141163895436
189,C12=CC=CC=C1C=CC(P(C3=CC=CC=C3)C4=CC=CC=C4)=C2C5=C(C=CC=C6)C6=CC=C5P(C7=CC=CC=C7)C8=CC=CC=C8,L1.18,1,CCC/C=C/C(=O)OCC,112,OB(O)c1ccccc1,7,95.0,100.0,9.134736505801508
190,C12=CC=CC=C1C=CC(P(C3=CC=CC=C3)C4=CC=CC=C4)=C2C5=C(C=CC=C6)C6=CC=C5P(C7=CC=CC=C7)C8=CC=CC=C8,L1.1,2,CCC1=CC(=O)N(Cc2ccccc2)C1=O,183,OB(O)c1ccccc1,7,2.0,50.0,-10.456033337686609
191,C12=CC=CC=C1C=CC(P(C3=CC=CC=C3)C4=CC=CC=C4)=C2C5=C(C=CC=C6)C6=CC=C5P(C7=CC=CC=C7)C8=CC=CC=C8,L1.18,1,CCCCC/C=C/C(=O)NCc1ccccc1,185,OB(O)c1ccccc1,7,95.5,100.0,9.47788915343449
192,C12=CC=CC=C1C=CC(P(C3=CC=CC=C3)C4=CC=CC=C4)=C2C5=C(C=CC=C6)C6=CC=C5P(C7=CC=CC=C7)C8=CC=CC=C8,L1.18,1,CCCCC/C=C/C(C)=O,19,OB(O)c1ccccc1,7,96.0,100.0,9.85949600140811
193,C12=CC=CC=C1C=CC(P(C3=CC=CC=C3)C4=CC=CC=C4)=C2C5=C(C=CC=C6)C6=CC=C5P(C7=CC=CC=C7)C8=CC=CC=C8,L1.1,2,CCOC(=O)/C=C/CN1C(=O)c2ccccc2C1=O,103,OB(O)c1ccccc1,7,29.0,100.0,-2.7778118002158854
194,C12=CC=CC=C1C=CC(P(C3=CC=CC=C3)C4=CC=CC=C4)=C2C5=C(C=CC=C6)C6=CC=C5P(C7=CC=CC=C7)C8=CC=CC=C8,L1.1,2,CCOC(=O)/C=C/CNC(=O)OC(C)(C)C,101,OB(O)c1ccccc1,7,17.5,100.0,-4.810525498804361
195,C12=CC=CC=C1C=CC(P(C3=CC=CC=C3)C4=CC=CC=C4)=C2C5=C(C=CC=C6)C6=CC=C5P(C7=CC=CC=C7)C8=CC=CC=C8,L1.1,2,CCOC(=O)/C=C1/C(=O)N(Cc2ccccc2)c2ccccc21,189,OB(O)c1ccccc1,7,11.0,100.0,-6.48625057522743
196,C12=CC=CC=C1C=CC(P(C3=CC=CC=C3)C4=CC=CC=C4)=C2C5=C(C=CC=C6)C6=CC=C5P(C7=CC=CC=C7)C8=CC=CC=C8,L1.1,2,CN1C(=O)/C(=C/C(=O)OC(C)(C)C)c2ccccc21,188,OB(O)c1ccccc1,7,10.0,100.0,-6.816601634488447
197,C12=CC=CC=C1C=CC(P(C3=CC=CC=C3)C4=CC=CC=C4)=C2C5=C(C=CC=C6)C6=CC=C5P(C7=CC=CC=C7)C8=CC=CC=C8,L1.1,2,COC(=O)/C=C1/C(=O)N(Cc2ccccc2)c2ccccc21,187,OB(O)c1ccccc1,7,12.0,100.0,-6.181253776842807
198,C12=CC=CC=C1C=CC(P(C3=CC=CC=C3)C4=CC=CC=C4)=C2C5=C(C=CC=C6)C6=CC=C5P(C7=CC=CC=C7)C8=CC=CC=C8,L1.1,2,COc1ccc(/C=C/[N+](=O)[O-])cc1,218,OB(O)c1ccccc1,7,45.0,100.0,-0.6225545648772878
199,C12=CC=CC=C1C=CC(P(C3=CC=CC=C3)C4=CC=CC=C4)=C2C5=C(C=CC=C6)C6=CC=C5P(C7=CC=CC=C7)C8=CC=CC=C8,L1.1,2,O=C1C=CC2(OCCO2)c2ccccc21,46,OB(O)c1ccccc1,7,4.0,20.0,-7.745708837767083
200,C12=CC=CC=C1C=CC(P(C3=CC=CC=C3)C4=CC=CC=C4)=C2C5=C(C=CC=C6)C6=CC=C5P(C7=CC=CC=C7)C8=CC=CC=C8,L1.18,1,O=C1C=CCC1,6,OB(O)c1ccccc1,7,98.5,100.0,12.982147179797291
201,C12=CC=CC=C1C=CC(P(C3=CC=CC=C3)C4=CC=CC=C4)=C2C5=C(C=CC=C6)C6=CC=C5P(C7=CC=CC=C7)C8=CC=CC=C8,L1.18,1,O=C1C=CCCC1,0,OB(O)c1ccccc1,7,99.5,100.0,16.42178532510618
202,C12=CC=CC=C1C=CC(P(C3=CC=CC=C3)C4=CC=CC=C4)=C2C5=C(C=CC=C6)C6=CC=C5P(C7=CC=CC=C7)C8=CC=CC=C8,L1.1,2,O=C1C=CCCN1Cc1ccccc1,177,OB(O)c1ccccc1,7,3.5,100.0,-10.289875907126081
203,C12=CC=CC=C1C=CC(P(C3=CC=CC=C3)C4=CC=CC=C4)=C2C5=C(C=CC=C6)C6=CC=C5P(C7=CC=CC=C7)C8=CC=CC=C8,L1.18,1,O=C1C=CCCO1,110,OB(O)c1ccccc1,7,99.0,100.0,14.255757833854181
204,C12=CC=CC=C1C=CC(P(C3=CC=CC=C3)C4=CC=CC=C4)=C2C5=C(C=CC=C6)C6=CC=C5P(C7=CC=CC=C7)C8=CC=CC=C8,L1.18,1,O=C1C=CCO1,109,OB(O)c1ccccc1,7,98.0,100.0,12.073863035611195
205,C12=CC=CC=C1C=CC(P(C3=CC=CC=C3)C4=CC=CC=C4)=C2C5=C(C=CC=C6)C6=CC=C5P(C7=CC=CC=C7)C8=CC=CC=C8,L1.18,1,O=[N+]([O-])C1=CCCC1,201,OB(O)c1ccccc1,7,86.5,100.0,5.762510154326968
206,C12=CC=CC=C1C=CC(P(C3=CC=CC=C3)C4=CC=CC=C4)=C2C5=C(C=CC=C6)C6=CC=C5P(C7=CC=CC=C7)C8=CC=CC=C8,L1.18,1,O=[N+]([O-])C1=CCCCC1,208,OB(O)c1ccccc1,7,99.5,100.0,16.42178532510618
207,C12=CC=CC=C1C=CC(P(C3=CC=CC=C3)C4=CC=CC=C4)=C2C5=C(C=CC=C6)C6=CC=C5P(C7=CC=CC=C7)C8=CC=CC=C8,L1.1,2,O=[N+]([O-])C1=CCCCC1Cc1ccccc1,211,OB(O)c1ccccc1,7,3.5,100.0,-10.289875907126081
208,C12=CC=CC=C1C=CC(P(C3=CC=CC=C3)C4=CC=CC=C4)=C2C5=C(C=CC=C6)C6=CC=C5P(C7=CC=CC=C7)C8=CC=CC=C8,L1.18,1,O=[N+]([O-])C1=CCCCCC1,212,OB(O)c1ccccc1,7,93.5,100.0,8.271410102019884
209,C12=CC=CC=C1C=CC(P(C3=CC=CC=C3)C4=CC=CC=C4)=C2C5=C(C=CC=C6)C6=CC=C5P(C7=CC=CC=C7)C8=CC=CC=C8,L1.1,2,O=[N+]([O-])c1ccc(/C=C/CCc2ccccc2)cc1,269,OB(O)c1ccccc1,7,1.5,80.0,-12.286333315142473
210,C12=CC=CC=C1C=CC(P(C3=CC=CC=C3)C4=CC=CC=C4)=C2C5=C(C=CC=C6)C6=CC=C5P(C7=CC=CC=C7)C8=CC=CC=C8,L1.1,2,O=c1ccoc2ccccc12,28,OB(O)c1ccccc1,7,1.5,70.0,-11.938426382815063
211,C12=CC=CC=C1C=CC(P(C3=CC=CC=C3)C4=CC=CC=C4)=C2C5=C(C=CC=C6)C6=CC=C5P(C7=CC=CC=C7)C8=CC=CC=C8,L1.18,1,O=C1C=CCCC1,0,OB(O)c1ccsc1,84,99.5,40.0,13.781273146340615
212,C12=CC=CC=C1C=CC(P(C3=CC=CC=C3)C4=CC=CC=C4)=C2C5=C(C=CC=C6)C6=CC=C5P(C7=CC=CC=C7)C8=CC=CC=C8,L1.18,1,C/C=C/P(=O)(OC)OC,195,c1ccc(B2OB(c3ccccc3)OB(c3ccccc3)O2)cc1,13,97.0,100.0,10.784141163895436
213,C12=CC=CC=C1C=CC(P(C3=CC=CC=C3)C4=CC=CC=C4)=C2C5=C(C=CC=C6)C6=CC=C5P(C7=CC=CC=C7)C8=CC=CC=C8,L1.18,1,C/C=C/P(=O)(OCC)OCC,196,c1ccc(B2OB(c3ccccc3)OB(c3ccccc3)O2)cc1,13,98.0,100.0,12.073863035611195
214,C12=CC=CC=C1C=CC(P(C3=CC=CC=C3)C4=CC=CC=C4)=C2C5=C(C=CC=C6)C6=CC=C5P(C7=CC=CC=C7)C8=CC=CC=C8,L1.18,1,C/C=C\P(=O)(OCC)OCC,197,c1ccc(B2OB(c3ccccc3)OB(c3ccccc3)O2)cc1,13,98.5,100.0,12.982147179797291
215,C12=CC=CC=C1C=CC(P(C3=CC=CC=C3)C4=CC=CC=C4)=C2C5=C(C=CC=C6)C6=CC=C5P(C7=CC=CC=C7)C8=CC=CC=C8,L1.1,2,CC(C)O/C=C/C(=O)OC(C)(C)C,93,c1ccc(B2OB(c3ccccc3)OB(c3ccccc3)O2)cc1,13,0.5,60.0,-14.661443872595802
216,C12=CC=CC=C1C=CC(P(C3=CC=CC=C3)C4=CC=CC=C4)=C2C5=C(C=CC=C6)C6=CC=C5P(C7=CC=CC=C7)C8=CC=CC=C8,L1.1,2,O=C1C=CCCN1Cc1ccccc1,177,c1ccc(B2OB(c3ccccc3)OB(c3ccccc3)O2)cc1,13,3.0,100.0,-10.784141163895436
217,C12=CC=CC=C1C=CC(P(C3=CC=CC=C3)C4=CC=CC=C4)=C2C5=C(C=CC=C6)C6=CC=C5P(C7=CC=CC=C7)C8=CC=CC=C8,L1.18,1,C/C=C/C(=O)NCc1ccccc1,160,c1ccc(B2OCCO2)cc1,35,95.5,100.0,9.47788915343449
218,C12=CC=CC=C1C=CC(P(C3=CC=CC=C3)C4=CC=CC=C4)=C2C5=C(C=CC=C6)C6=CC=C5P(C7=CC=CC=C7)C8=CC=CC=C8,L1.18,1,C/C=C/C(=O)OCc1ccccc1,100,c1ccc(B2OCCO2)cc1,35,93.5,100.0,8.271410102019884
219,C12=CC=CC=C1C=CC(P(C3=CC=CC=C3)C4=CC=CC=C4)=C2C5=C(C=CC=C6)C6=CC=C5P(C7=CC=CC=C7)C8=CC=CC=C8,L1.18,1,O=C1C=CCCC1,0,c1ccc(B2[C@H]3CCC[C@@H]2CCC3)cc1,2,99.0,80.0,13.491681305173802
220,C12=CC=CC=C1C=CC(P(C3=CC=CC=C3)C4=CC=CC=C4)=C2C5=C(C=CC=C6)C6=CC=C5P(C7=CC=CC=C7)C8=CC=CC=C8,L1.18,1,O=C1C=CCCCC1,15,c1ccc(B2[C@H]3CCC[C@@H]2CCC3)cc1,2,98.0,80.0,11.42673115644136
221,C12=CC=CC=C1C=CC(P(C3=CC=CC=C3)C4=CC=CC=C4)=C2C5=C(C=CC=C6)C6=CC=C5P(C7=CC=CC=C7)C8=CC=CC=C8,L1.18,1,C/C=C/P(=O)(OCC)OCC,196,c1ccc2cc(B3OB(c4ccc5ccccc5c4)OB(c4ccc5ccccc5c4)O3)ccc2c1,65,94.5,100.0,8.822677770172534
222,C12=CC=CC=C1C=CC3=C2C4=C(C=CC=C5)C5=CC=C4OP(CCCCP6OC7=CC=C8C(C=CC=C8)=C7C9=C(O6)C=CC%10=C9C=CC=C%10)O3,L1.98,2,O=C1C=CCCC1,0,OB(O)c1ccccc1,7,28.5,100.0,-2.8535385059735288
223,C12=CC=CC=C1C=CC3=C2C4=C(C=CC=C5)C5=CC=C4OP(CCP6OC7=CC=C8C(C=CC=C8)=C7C9=C(O6)C=CC%10=C9C=CC=C%10)O3,L1.97,2,O=C1C=CCCCC1,15,OB(O)c1ccccc1,7,7.5,100.0,-7.794099337579717
224,C12C(OCC2)C=CC(P(C3=CC=CC=C3)C4=CC=CC=C4)=C1C5=C(OCC6)C6=CC=C5P(C7=CC=CC=C7)C8=CC=CC=C8,L1.30,1,O=C1C=CCCC1,0,CCCCCC/C=C/B(O)O,101,96.5,100.0,10.289875907126081
225,C12C(OCC2)C=CC(P(C3=CC=CC=C3)C4=CC=CC=C4)=C1C5=C(OCC6)C6=CC=C5P(C7=CC=CC=C7)C8=CC=CC=C8,L1.30,1,O=C1C=CCCC1,0,COc1ccc(B(O)O)cc1,10,98.0,100.0,12.073863035611195
226,C12C(OCC2)C=CC(P(C3=CC=CC=C3)C4=CC=CC=C4)=C1C5=C(OCC6)C6=CC=C5P(C7=CC=CC=C7)C8=CC=CC=C8,L1.30,1,O=C1C=CCCC1,0,Cc1cc(C)cc(B(O)O)c1,60,99.5,100.0,16.42178532510618
227,C12C(OCC2)C=CC(P(C3=CC=CC=C3)C4=CC=CC=C4)=C1C5=C(OCC6)C6=CC=C5P(C7=CC=CC=C7)C8=CC=CC=C8,L1.30,1,O=C1C=CCCC1,0,Cc1ccc(B(O)O)cc1,12,98.5,100.0,12.982147179797291
228,C12C(OCC2)C=CC(P(C3=CC=CC=C3)C4=CC=CC=C4)=C1C5=C(OCC6)C6=CC=C5P(C7=CC=CC=C7)C8=CC=CC=C8,L1.30,1,O=C1C=CCCC1,0,Cc1ccccc1B(O)O,6,94.5,100.0,8.822677770172534
229,C12C(OCC2)C=CC(P(C3=CC=CC=C3)C4=CC=CC=C4)=C1C5=C(OCC6)C6=CC=C5P(C7=CC=CC=C7)C8=CC=CC=C8,L1.30,1,O=C1C=CCCC1,0,OB(O)/C=C/c1ccccc1,89,94.5,100.0,8.822677770172534
230,C12C(OCC2)C=CC(P(C3=CC=CC=C3)C4=CC=CC=C4)=C1C5=C(OCC6)C6=CC=C5P(C7=CC=CC=C7)C8=CC=CC=C8,L1.30,1,O=C1C=CCCC1,0,OB(O)c1ccc(-c2ccccc2)cc1,31,99.0,100.0,14.255757833854181
231,C12C(OCC2)C=CC(P(C3=CC=CC=C3)C4=CC=CC=C4)=C1C5=C(OCC6)C6=CC=C5P(C7=CC=CC=C7)C8=CC=CC=C8,L1.30,1,O=C1C=CCCC1,0,OB(O)c1ccc(Cl)cc1,22,99.0,100.0,14.255757833854181
232,C12C(OCC2)C=CC(P(C3=CC=CC=C3)C4=CC=CC=C4)=C1C5=C(OCC6)C6=CC=C5P(C7=CC=CC=C7)C8=CC=CC=C8,L1.30,1,O=C1C=CCCC1,0,OB(O)c1cccc(Cl)c1,8,99.0,100.0,14.255757833854181
233,C12C(OCC2)C=CC(P(C3=CC=CC=C3)C4=CC=CC=C4)=C1C5=C(OCC6)C6=CC=C5P(C7=CC=CC=C7)C8=CC=CC=C8,L1.30,1,O=C1C=CCCCC1,15,OB(O)c1ccccc1,7,97.5,100.0,11.365720446897749
234,C12C(OCC2)C=CC(P(C3=CC=CC=C3)C4=CC=CC=C4)=C1C5=C(OCC6)C6=CC=C5P(C7=CC=CC=C7)C8=CC=CC=C8,L1.30,1,O=c1ccoc2ccccc12,28,OB(O)c1ccccc1,7,99.5,100.0,16.42178532510618
235,C12C(OCC2)C=CC(P(C3=CC=CC=C3)C4=CC=CC=C4)=C1C5=C(OCC6)C6=CC=C5P(C7=CC=CC=C7)C8=CC=CC=C8,L1.30,1,O=C1C=CCCC1,0,OB(O)c1ccccc1Cl,33,99.5,100.0,16.42178532510618
236,C12C(OCO2)C=CC(P(C3=CC=CC=C3)C4=CC=CC=C4)=C1C5=C(OCO6)C6=CC=C5P(C7=CC=CC=C7)C8=CC=CC=C8,L1.26,2,O=c1ccc2ccccc2o1,138,Cc1ccc(B(O)O)cc1,12,0.5,60.0,-14.661443872595802
237,C12C(OCO2)C=CC(P(C3=CC=CC=C3)C4=CC=CC=C4)=C1C5=C(OCO6)C6=CC=C5P(C7=CC=CC=C7)C8=CC=CC=C8,L1.26,2,O=c1ccc2ccccc2o1,138,Cc1cccc(B(O)O)c1,17,0.5,60.0,-14.661443872595802
238,C12C(OCO2)C=CC(P(C3=CC=CC=C3)C4=CC=CC=C4)=C1C5=C(OCO6)C6=CC=C5P(C7=CC=CC=C7)C8=CC=CC=C8,L1.26,2,CCOC(=O)/C=C1/C(=O)N(Cc2ccccc2)c2ccccc21,189,OB(O)c1ccccc1,7,11.5,100.0,-6.33086661858299
239,C12C(OCO2)C=CC(P(C3=CC=CC=C3)C4=CC=CC=C4)=C1C5=C(OCO6)C6=CC=C5P(C7=CC=CC=C7)C8=CC=CC=C8,L1.26,2,COC(=O)/C=C/c1cc(C)ccc1OC,139,OB(O)c1ccccc1,7,27.5,60.0,-2.6850544848446796
240,C12C(OCO2)C=CC(P(C3=CC=CC=C3)C4=CC=CC=C4)=C1C5=C(OCO6)C6=CC=C5P(C7=CC=CC=C7)C8=CC=CC=C8,L1.26,2,Cc1ccc2oc(=O)ccc2c1,147,OB(O)c1ccccc1,7,0.5,60.0,-14.661443872595802
241,C12C(OCO2)C=CC(P(C3=CC=CC=C3)C4=CC=CC=C4)=C1C5=C(OCO6)C6=CC=C5P(C7=CC=CC=C7)C8=CC=CC=C8,L1.26,2,O=c1ccc2ccccc2o1,138,OB(O)c1ccccc1,7,0.5,60.0,-14.661443872595802
242,CC(C(C)=C(C)C=C1P(C2=CC=CC=C2)C3=CC=CC=C3)=C1C4=C(P(C5=CC=CC=C5)C6=CC=CC=C6)C=CC7=CC=CC=C74,L1.24,1,O=C1C=CCCC1,0,COc1cccc(B(O)O)c1,18,99.0,100.0,14.255757833854181
243,CC(C(C)=C(C)C=C1P(C2=CC=CC=C2)C3=CC=CC=C3)=C1C4=C(P(C5=CC=CC=C5)C6=CC=CC=C6)C=CC7=CC=CC=C74,L1.24,1,O=C1C=CCCC1,0,OB(O)c1ccccc1,7,99.0,100.0,14.255757833854181
244,CC(C)OC(C=C1)=CC(C1=CC=C2P(C3=CC=CC=C3)C4=CC=CC=C4)=C2C5=C(P(C6=CC=CC=C6)C7=CC=CC=C7)C=CC8=CC=C(OC(C)C)C=C85,L1.9,2,CC(=O)OC1CCCC=C1[N+](=O)[O-],209,OB(O)c1ccccc1,7,2.5,50.0,-9.842777870601655
245,CC(C)OC(C=C1)=CC(C1=CC=C2P(C3=CC=CC=C3)C4=CC=CC=C4)=C2C5=C(P(C6=CC=CC=C6)C7=CC=CC=C7)C=CC8=CC=C(OC(C)C)C=C85,L1.9,2,O=C1C=CCCC1,0,OB(O)c1ccccc1,7,2.0,100.0,-12.073863035611197
246,CC(C=C1)=CC=C1P(C2=CC=C(C)C=C2)C3=CC=C4C(C=CC=C4)=C3C5=C(P(C6=CC=C(C)C=C6)C7=CC=C(C)C=C7)C=CC8=CC=CC=C85,L1.3,2,C/C=C/S(=O)(=O)c1ccccn1,243,OB(O)c1ccccc1,7,20.0,100.0,-4.30079678944259
247,CC([P@@](C#CC(C)(C)C)CC[P@](C#CC(C)(C)C)C(C)(C)C)(C)C,L1.71,0,O=C1C=CCCC1,0,OB(O)c1ccccc1,7,27.0,50.0,-2.67222173880198
248,CC([P@@](C#CC)CC[P@](C#CC)C(C)(C)C)(C)C,L1.70,0,O=C1C=CCCC1,0,COc1ccc(B(O)O)cc1,10,0.5,40.0,-13.781273146340615
249,CC([P@@](C#CC)CC[P@](C#CC)C(C)(C)C)(C)C,L1.70,0,O=C1C=CCCC1,0,OB(O)c1ccc(C(F)(F)F)cc1,9,1.0,40.0,-11.963528247813043
250,CC([P@@](C#CC)CC[P@](C#CC)C(C)(C)C)(C)C,L1.70,0,CC(=O)/C=C/C(C)C,12,OB(O)c1ccccc1,7,0.5,40.0,-13.781273146340615
251,CC([P@@](C#CC)CC[P@](C#CC)C(C)(C)C)(C)C,L1.70,0,O=C1C=CCC1,6,OB(O)c1ccccc1,7,3.5,40.0,-8.63533335204752
252,CC([P@@](C#CC)CC[P@](C#CC)C(C)(C)C)(C)C,L1.70,0,O=C1C=CCCC1,0,OB(O)c1ccccc1,7,0.5,40.0,-13.781273146340615
253,CC([P@@](C#CC1=CC=CC=C1)CC[P@](C#CC2=CC=CC=C2)C(C)(C)C)(C)C,L1.72,0,O=C1C=CCCC1,0,COc1ccc(B(O)O)cc1,10,1.0,40.0,-11.963528247813043
254,CC([P@@](C#CC1=CC=CC=C1)CC[P@](C#CC2=CC=CC=C2)C(C)(C)C)(C)C,L1.72,0,O=C1C=CCCC1,0,OB(O)c1ccc(C(F)(F)F)cc1,9,2.0,40.0,-10.132467398101692
255,CC([P@@](C#CC1=CC=CC=C1)CC[P@](C#CC2=CC=CC=C2)C(C)(C)C)(C)C,L1.72,0,CC(=O)/C=C/C(C)C,12,OB(O)c1ccccc1,7,1.5,40.0,-10.894705585832835
256,CC([P@@](C#CC1=CC=CC=C1)CC[P@](C#CC2=CC=CC=C2)C(C)(C)C)(C)C,L1.72,0,O=C1C=CCC1,6,OB(O)c1ccccc1,7,4.5,40.0,-7.953908584746109
257,CC([P@@](C#CC1=CC=CC=C1)CC[P@](C#CC2=CC=CC=C2)C(C)(C)C)(C)C,L1.72,0,O=C1C=CCCC1,0,OB(O)c1ccccc1,7,0.5,40.0,-13.781273146340615
258,CC([P@@](C#C[Si](C(C)C)(C(C)C)C(C)C)CC[P@](C#C[Si](C(C)C)(C(C)C)C(C)C)C(C)(C)C)(C)C,L1.73,0,O=C1C=CCCC1,0,OB(O)c1ccccc1,7,16.0,70.0,-4.730840298740779
259,CC([P@@](C)C1=NC2=CC=CC=C2N=C1[P@@](C(C)(C)C)C)(C)C,L1.68,0,C/C=C/C(=O)c1ccccc1,39,CC(C)O[B-](OC(C)C)(OC(C)C)c1ccc(C(C)(C)C)cc1.[Li+],78,96.5,60.0,9.186847537073707
260,CC([P@@](C)C1=NC2=CC=CC=C2N=C1[P@@](C(C)(C)C)C)(C)C,L1.68,0,O=C1C=CCCCC1,15,CC(C)O[B-](OC(C)C)(OC(C)C)c1ccc(C2CCCCC2)cc1.[Li+],70,1.0,60.0,-12.727604776493422
261,CC([P@@](C)C1=NC2=CC=CC=C2N=C1[P@@](C(C)(C)C)C)(C)C,L1.68,0,O=C1C=CCCC1,0,CC(C)O[B-](OC(C)C)(OC(C)C)c1cccc(C(F)(F)F)c1.[Li+],41,1.5,60.0,-11.590519450487653
262,CC([P@@](C)C1=NC2=CC=CC=C2N=C1[P@@](C(C)(C)C)C)(C)C,L1.68,0,O=C1C=CCCC1,0,CC(C)O[B-](OC(C)C)(OC(C)C)c1cccc(F)c1.[Li+],44,0.5,60.0,-14.661443872595802
263,CC([P@@](C)C1=NC2=CC=CC=C2N=C1[P@@](C(C)(C)C)C)(C)C,L1.68,0,O=C1C=CCCCC1,15,CC(C)O[B-](OC(C)C)(OC(C)C)c1ccccc1.[Li+],69,1.0,60.0,-12.727604776493422
264,CC([P@@](C)C1=NC2=CC=CC=C2N=C1[P@@](C(C)(C)C)C)(C)C,L1.68,0,O=C1C=CCCC1,0,CCO[B-](OC(C)C)(OC(C)C)c1ccc(Cl)cc1.[Li+],54,0.5,60.0,-14.661443872595802
265,CC([P@@](C)C1=NC2=CC=CC=C2N=C1[P@@](C(C)(C)C)C)(C)C,L1.68,0,O=C1C=CCCC1,0,COc1ccc(B(O)O)cc1,10,3.0,40.0,-9.050124093458008
266,CC([P@@](C)C1=NC2=CC=CC=C2N=C1[P@@](C(C)(C)C)C)(C)C,L1.68,0,O=C1C=CCCC1,0,COc1ccc([B-](OC(C)C)(OC(C)C)OC(C)C)cc1.[Li+],52,0.5,60.0,-14.661443872595802
267,CC([P@@](C)C1=NC2=CC=CC=C2N=C1[P@@](C(C)(C)C)C)(C)C,L1.68,0,O=C1C=CCCC1,0,COc1ccc([B-](OC)(OC)OC)cc1.[Li+],51,0.5,60.0,-14.661443872595802
268,CC([P@@](C)C1=NC2=CC=CC=C2N=C1[P@@](C(C)(C)C)C)(C)C,L1.68,0,O=C1C=CCC1,6,COc1ccccc1[B-](OC(C)C)(OC(C)C)OC(C)C.[Li+],15,1.5,60.0,-11.590519450487653
269,CC([P@@](C)C1=NC2=CC=CC=C2N=C1[P@@](C(C)(C)C)C)(C)C,L1.68,0,CCC/C=C/C=O,85,Cc1cc(C)cc([B-](OC(C)C)(OC(C)C)OC(C)C)c1.[Li+],61,8.5,60.0,-6.58182204985582
270,CC([P@@](C)C1=NC2=CC=CC=C2N=C1[P@@](C(C)(C)C)C)(C)C,L1.68,0,O=C1C=CCCC1,0,Cc1cc(C)cc([B-](OC(C)C)(OC(C)C)OC(C)C)c1.[Li+],61,1.0,60.0,-12.727604776493422
271,CC([P@@](C)C1=NC2=CC=CC=C2N=C1[P@@](C(C)(C)C)C)(C)C,L1.68,0,O=C1C=CCCC1,0,Cc1cccc(B(O)O)c1,17,1.5,60.0,-11.590519450487653
272,CC([P@@](C)C1=NC2=CC=CC=C2N=C1[P@@](C(C)(C)C)C)(C)C,L1.68,0,O=C1C=CCCC1,0,OB(O)c1ccc(C(F)(F)F)cc1,9,0.5,50.0,-14.22135850946821
273,CC([P@@](C)C1=NC2=CC=CC=C2N=C1[P@@](C(C)(C)C)C)(C)C,L1.68,0,CC(=O)/C=C/C(C)C,12,OB(O)c1ccccc1,7,99.5,40.0,13.781273146340615
274,CC([P@@](C)C1=NC2=CC=CC=C2N=C1[P@@](C(C)(C)C)C)(C)C,L1.68,0,O=C1C=CCCC1,0,OB(O)c1ccccc1,7,1.0,40.0,-11.963528247813043
275,CC([P@@](C)C1=NC2=CC=CC=C2N=C1[P@@](C(C)(C)C)C)(C)C,L1.68,0,O=C1C=CCCCC1,15,OB(O)c1ccccc1,7,2.0,50.0,-10.456033337686609
276,CC1(C)O[C@@H](CP(C2=CC=CC=C2)C3=CC=CC=C3)[C@H](CP(C4=CC=CC=C4)C5=CC=CC=C5)O1,L1.56,0,C/C=C/C(=O)OC(C)C,97,COc1cccc(B(O)O)c1,18,46.5,100.0,-0.4350431753893101
277,CC1(C)O[C@@H](CP(C2=CC=CC=C2)C3=CC=CC=C3)[C@H](CP(C4=CC=CC=C4)C5=CC=CC=C5)O1,L1.56,0,O=C1C=CCCC1,0,F[B-](F)(F)c1ccccc1.[K+],1,63.0,110.0,1.6953815033650554
278,CC1(C)O[C@@H](CP(C2=CC=CC=C2)C3=CC=CC=C3)[C@H](CP(C4=CC=CC=C4)C5=CC=CC=C5)O1,L1.56,0,C/C=C/C(=O)NCc1ccccc1,160,OB(O)c1ccccc1,7,53.5,100.0,0.43504317538931025
279,CC1(C)O[C@H](CP(C2=CC=CC=C2)C3=CC=CC=C3)[C@@H](CP(C4=CC=CC=C4)C5=CC=CC=C5)O1,L1.57,0,O=C1C=CCCC1,0,OB(O)c1ccccc1,7,62.0,100.0,1.5187592871885904
280,CC1=C(OC)C(C)=CC(P(C2=CC(C)=C(OC)C(C)=C2)C3=CC=C4C(C=CC=C4)=C3C5=C(P(C6=CC=CC=C6)C7=CC=CC=C7)C=CC8=CC=CC=C85)=C1,L1.2,2,O=C1C=CCCN1,176,Fc1ccc(B2OB(c3ccc(F)cc3)OB(c3ccc(F)cc3)O2)cc1,28,0.5,40.0,-13.781273146340615
281,CC1=C(OC)C(C)=CC(P(C2=CC(C)=C(OC)C(C)=C2)C3=CC=C4C(C=CC=C4)=C3C5=C(P(C6=CC=CC=C6)C7=CC=CC=C7)C=CC8=CC=CC=C85)=C1,L1.2,2,O=C1C=CCCN1Cc1ccccc1,177,Fc1ccc(B2OB(c3ccc(F)cc3)OB(c3ccc(F)cc3)O2)cc1,28,2.0,40.0,-10.132467398101692
282,CC1=C(OC)C(C)=CC(P(C2=CC(C)=C(OC)C(C)=C2)C3=CC=C4C(C=CC=C4)=C3C5=C(P(C6=CC=CC=C6)C7=CC=CC=C7)C=CC8=CC=CC=C85)=C1,L1.2,2,COC(=O)/C=C/c1cc(C)ccc1OC,139,OB(O)c1ccccc1,7,23.5,60.0,-3.269178868098156
283,CC1=C(OC)C(C)=CC(P(C2=CC(C)=C(OC)C(C)=C2)C3=CC=C4C(C=CC=C4)=C3C5=C(P(C6=CC=CC=C6)C7=CC=CC=C7)C=CC8=CC=CC=C85)=C1,L1.2,2,Cc1ccc2oc(=O)ccc2c1,147,OB(O)c1ccccc1,7,2.0,60.0,-10.779599277271526
284,CC1=CC(P(C2=C(C3=CC=CC=C3C=C2)C4=C5C=CC=CC5=CC=C4P(C6=CC=CC=C6)C7=CC=CC=C7)C8=CC(C)=C(C(C)=C8)OC)=CC(C)=C1OC,L1.20,1,C/C=C/P(=O)(OCC)OCC,196,Cc1ccc(B2OB(c3ccc(C)cc3)OB(c3ccc(C)cc3)O2)cc1,27,98.0,100.0,12.073863035611195
285,CC1=CC(P(C2=C(C3=CC=CC=C3C=C2)C4=C5C=CC=CC5=CC=C4P(C6=CC=CC=C6)C7=CC=CC=C7)C8=CC(C)=C(C(C)=C8)OC)=CC(C)=C1OC,L1.20,1,C/C=C\P(=O)(OCC)OCC,197,c1ccc(B2OB(c3ccccc3)OB(c3ccccc3)O2)cc1,13,96.0,100.0,9.85949600140811
286,CC1=CC(P(C2=C(C3=CC=CC=C3C=C2)C4=C5C=CC=CC5=CC=C4P(C6=CC=CC=C6)C7=CC=CC=C7)C8=CC(C)=C(C(C)=C8)OC)=CC(C)=C1OC,L1.20,1,C/C=C/P(=O)(OCC)OCC,196,c1ccc2cc(B3OB(c4ccc5ccccc5c4)OB(c4ccc5ccccc5c4)O3)ccc2c1,65,95.5,100.0,9.47788915343449
287,CC1=CC(P(C2=CC(C)=C(OC)C(C)=C2)C3=C(C4=C(C=CC=C5)C5=CC=C4P(C6=CC(C)=C(OC)C(C)=C6)C7=CC(C)=C(OC)C(C)=C7)C8=CC=CC=C8C=C3)=CC(C)=C1OC,L1.5,2,O=C1C=CCCN1,176,Clc1ccc(B2OB(c3ccc(Cl)cc3)OB(c3ccc(Cl)cc3)O2)cc1,29,1.0,60.0,-12.727604776493422
288,CC1=CC(P(C2=CC(C)=C(OC)C(C)=C2)C3=C(C4=C(C=CC=C5)C5=CC=C4P(C6=CC(C)=C(OC)C(C)=C6)C7=CC(C)=C(OC)C(C)=C7)C8=CC=CC=C8C=C3)=CC(C)=C1OC,L1.5,2,O=C1C=CCCN1,176,Fc1ccc(B2OB(c3ccc(F)cc3)OB(c3ccc(F)cc3)O2)cc1,28,1.0,40.0,-11.963528247813043
289,CC1=CC(P(C2=CC(C)=C(OC)C(C)=C2)C3=C(C4=C(C=CC=C5)C5=CC=C4P(C6=CC(C)=C(OC)C(C)=C6)C7=CC(C)=C(OC)C(C)=C7)C8=CC=CC=C8C=C3)=CC(C)=C1OC,L1.5,2,O=C1C=CCCN1Cc1ccccc1,177,Fc1ccc(B2OB(c3ccc(F)cc3)OB(c3ccc(F)cc3)O2)cc1,28,3.0,80.0,-10.206135473749626
290,CCCOC(C=C1)=CC(C1=CC=C2P(C3=CC=CC=C3)C4=CC=CC=C4)=C2C5=C(P(C6=CC=CC=C6)C7=CC=CC=C7)C=CC8=CC=C(OCCC)C=C85,L1.8,2,CC(=O)OC1CCCC=C1[N+](=O)[O-],209,OB(O)c1ccccc1,7,5.0,50.0,-7.91073322216202
291,CCCOC(C=C1)=CC(C1=CC=C2P(C3=CC=CC=C3)C4=CC=CC=C4)=C2C5=C(P(C6=CC=CC=C6)C7=CC=CC=C7)C=CC8=CC=C(OCCC)C=C85,L1.8,2,O=C1C=CCCC1,0,OB(O)c1ccccc1,7,0.5,100.0,-16.42178532510618
292,CCOC(C=C1)=CC(C1=CC=C2P(C3=CC=CC=C3)C4=CC=CC=C4)=C2C5=C(P(C6=CC=CC=C6)C7=CC=CC=C7)C=CC8=CC=C(OCC)C=C85,L1.7,2,CC(=O)OC1CCCC=C1[N+](=O)[O-],209,OB(O)c1ccccc1,7,3.0,50.0,-9.339126938530914
293,CCOC(C=C1)=CC(C1=CC=C2P(C3=CC=CC=C3)C4=CC=CC=C4)=C2C5=C(P(C6=CC=CC=C6)C7=CC=CC=C7)C=CC8=CC=C(OCC)C=C85,L1.7,2,O=C1C=CCCC1,0,OB(O)c1ccccc1,7,1.0,100.0,-14.255757833854181
294,CN(P1OC2=C(C3=C(O1)C=C(COCC4=CC(OP(N(C)C)O5)=C(C6=C5C=CC7=C6C=CC=C7)C8=C4C=CC=C8)C9=C3C=CC=C9)C%10=C(C=C2)C=CC=C%10)C,L1.90,2,O=C1C=CCCC1,0,COc1ccc([B-]23OCC(C)(CO2)CO3)cn1.[Li+],82,16.5,95.0,-4.963043657570975
295,CN(P1OC2=C(C3=C(O1)C=C(COCC4=CC(OP(N(C)C)O5)=C(C6=C5C=CC7=C6C=CC=C7)C8=C4C=CC=C8)C9=C3C=CC=C9)C%10=C(C=C2)C=CC=C%10)C,L1.90,2,CCCCC/C=C/C(C)=O,19,COc1cccc(B(O)O)c1,18,8.5,5.0,-5.49522378258261
296,CN(P1OC2=C(C3=C(O1)C=C(COCC4=CC(OP(N(C)C)O5)=C(C6=C5C=CC7=C6C=CC=C7)C8=C4C=CC=C8)C9=C3C=CC=C9)C%10=C(C=C2)C=CC=C%10)C,L1.90,2,CCCCC/C=C/C(C)=O,19,OB(O)c1ccccc1,7,8.0,5.0,-5.648023015060367
297,CN(P1OC2=C(C3=C(O1)C=C(COCC4=CC(OP(N(C)C)O5)=C(C6=C5C=CC7=C6C=CC=C7)C8=C4C=CC=C8)C9=C3C=CC=C9)C%10=C(C=C2)C=CC=C%10)C,L1.90,2,O=C1C=CCCC1,0,OB(O)c1ccccc1,7,1.5,50.0,-11.242612518160245
298,COC(C=C1)=CC=C1[P@@](C2=CC=CC=C2)CC[P@](C3=CC=CC=C3)C4=CC=C(OC)C=C4,L1.58,0,O=C1C=CCCC1,0,COc1ccc([B-](OC(C)C)(OC(C)C)OC(C)C)cc1.[Li+],52,52.0,60.0,0.22170302010280082
299,COC(C=C1)=CC=C1[P@@](C2=CC=CC=C2)CC[P@](C3=CC=CC=C3)C4=CC=C(OC)C=C4,L1.58,0,O=C1C=CCCC1,0,F[B-](F)(F)c1ccccc1.[K+],1,51.5,110.0,0.19118791614686728
300,COC(C=CC=C1P(C2=CC=C(C(F)(F)F)C=C2)C3=CC=C(C(F)(F)F)C=C3)=C1C4=C(P(C5=CC=C(C(F)(F)F)C=C5)C6=CC=C(C(F)(F)F)C=C6)C=CC=C4OC,L1.39,2,O=C1C=CCCC1,0,OB(O)c1ccccc1,7,2.0,20.0,-9.485335518931857
301,COC(C=CC=C1P(C2=CC=CC=C2)C3=CC=CC=C3)=C1C4=C(P(C5=CC=CC=C5)C6=CC=CC=C6)C=CC7=CC=CC=C74,L1.22,1,O=C1C=CCCC1,0,COc1ccc([B-](F)(F)F)cn1.[K+],86,95.5,95.0,9.350890772710459
302,COC(C=CC=C1P(C2=CC=CC=C2)C3=CC=CC=C3)=C1C4=C(P(C5=CC=CC=C5)C6=CC=CC=C6)C=CC7=CC=CC=C74,L1.22,1,O=C1C=CCCC1,0,COc1cccc(B(O)O)c1,18,97.5,100.0,11.365720446897749
303,COC(C=CC=C1P(C2=CC=CC=C2)C3=CC=CC=C3)=C1C4=C(P(C5=CC=CC=C5)C6=CC=CC=C6)C=CC7=CC=CC=C74,L1.22,1,O=C1C=CCCC1,0,OB(O)c1cccc2ccccc12,24,98.0,100.0,12.073863035611195
304,COC(C=CC=C1P(C2=CC=CC=C2)C3=CC=CC=C3)=C1C4=C(P(C5=CC=CC=C5)C6=CC=CC=C6)C=CC7=CC=CC=C74,L1.22,1,O=C1C=CCCC1,0,OB(O)c1ccccc1,7,99.0,100.0,14.255757833854181
305,COC(C=CC=C1P(C2=CC=CC=C2)C3=CC=CC=C3)=C1C4=C(P(C5=CC=CC=C5)C6=CC=CC=C6)C=CC=C4OC,L1.38,2,O=C1C=CCCC1,0,C=C[B-](F)(F)F.[K+],97,5.5,110.0,-9.059115604024136
306,COC(C=CC=C1P(C2=CC=CC=C2)C3=CC=CC=C3)=C1C4=C(P(C5=CC=CC=C5)C6=CC=CC=C6)C=CC=C4OC,L1.45,1,O=C1C=CCCC1,0,COc1cccc(B(O)O)c1,18,98.0,100.0,12.073863035611195
307,COC(C=CC=C1P(C2=CC=CC=C2)C3=CC=CC=C3)=C1C4=C(P(C5=CC=CC=C5)C6=CC=CC=C6)C=CC=C4OC,L1.45,1,O=C1C=CCCC1,0,OB(O)c1cccc2ccccc12,24,98.5,100.0,12.982147179797291
308,COC(C=CC=C1P(C2=CC=CC=C2)C3=CC=CC=C3)=C1C4=C(P(C5=CC=CC=C5)C6=CC=CC=C6)C=CC=C4OC,L1.45,1,O=C1C=CCCC1,0,OB(O)c1ccccc1,7,99.0,100.0,14.255757833854181
309,COC1=C(C2=C(C=CC=C2OC)P(C3=CC(C(F)(F)F)=C(C4=NC=CC=C4)C(C(F)(F)F)=C3)C5=CC(C(F)(F)F)=C(C6=NC=CC=C6)C(C(F)(F)F)=C5)C(P(C7=CC(C(F)(F)F)=C(C8=NC=CC=C8)C(C(F)(F)F)=C7)C9=CC(C(F)(F)F)=C(C%10=CC=CC=N%10)C(C(F)(F)F)=C9)=CC=C1,L1.44,2,O=C1C=CCCC1,0,OB(O)c1ccccc1,7,2.0,0.0,-8.838203639762021
310,COC1=CC(P(C2=CC=CC=C2)C3=CC=CC=C3)=C(C4=C(OC)N=C(OC)C=C4P(C5=CC=CC=C5)C6=CC=CC=C6)C(OC)=N1,L1.54,1,O=C1C=CCCC1,0,COc1c(C)cc(B(O)O)cc1C,62,99.5,100.0,16.42178532510618
311,COC1=CC(P(C2=CC=CC=C2)C3=CC=CC=C3)=C(C4=C(OC)N=C(OC)C=C4P(C5=CC=CC=C5)C6=CC=CC=C6)C(OC)=N1,L1.54,1,O=C1C=CCCCC1,15,COc1ccc(B(O)O)cc1,10,99.5,100.0,16.42178532510618
312,COC1=CC(P(C2=CC=CC=C2)C3=CC=CC=C3)=C(C4=C(OC)N=C(OC)C=C4P(C5=CC=CC=C5)C6=CC=CC=C6)C(OC)=N1,L1.54,1,O=C1C=CCCC1,0,COc1cccc(B(O)O)c1,18,99.5,100.0,16.42178532510618
313,COC1=CC(P(C2=CC=CC=C2)C3=CC=CC=C3)=C(C4=C(OC)N=C(OC)C=C4P(C5=CC=CC=C5)C6=CC=CC=C6)C(OC)=N1,L1.54,1,O=C1C=CCCC1,0,OB(O)c1ccc(C(F)(F)F)cc1,9,99.5,100.0,16.42178532510618
314,COC1=CC(P(C2=CC=CC=C2)C3=CC=CC=C3)=C(C4=C(OC)N=C(OC)C=C4P(C5=CC=CC=C5)C6=CC=CC=C6)C(OC)=N1,L1.54,1,O=C1C=CCCC1,0,OB(O)c1ccc(F)cc1,21,98.0,100.0,12.073863035611195
315,COC1=CC(P(C2=CC=CC=C2)C3=CC=CC=C3)=C(C4=C(OC)N=C(OC)C=C4P(C5=CC=CC=C5)C6=CC=CC=C6)C(OC)=N1,L1.54,1,O=C1C=CCCC1,0,OB(O)c1ccc2ccccc2c1,11,98.5,100.0,12.982147179797291
316,COC1=CC(P(C2=CC=CC=C2)C3=CC=CC=C3)=C(C4=C(OC)N=C(OC)C=C4P(C5=CC=CC=C5)C6=CC=CC=C6)C(OC)=N1,L1.54,1,O=C1C=CCCC1,0,OB(O)c1cccc(Cl)c1,8,99.5,100.0,16.42178532510618
317,COC1=CC(P(C2=CC=CC=C2)C3=CC=CC=C3)=C(C4=C(OC)N=C(OC)C=C4P(C5=CC=CC=C5)C6=CC=CC=C6)C(OC)=N1,L1.54,1,CC(=O)/C=C/C(C)C,12,OB(O)c1ccccc1,7,95.0,100.0,9.134736505801508
318,COC1=CC(P(C2=CC=CC=C2)C3=CC=CC=C3)=C(C4=C(OC)N=C(OC)C=C4P(C5=CC=CC=C5)C6=CC=CC=C6)C(OC)=N1,L1.54,1,CN1C(=O)C=CC1=O,168,OB(O)c1ccccc1,7,64.0,50.0,1.545813069360322
319,COC1=CC(P(C2=CC=CC=C2)C3=CC=CC=C3)=C(C4=C(OC)N=C(OC)C=C4P(C5=CC=CC=C5)C6=CC=CC=C6)C(OC)=N1,L1.55,2,Cc1ccc2oc(=O)ccc2c1,147,OB(O)c1ccccc1,7,1.5,50.0,-11.242612518160245
320,COC1=CC(P(C2=CC=CC=C2)C3=CC=CC=C3)=C(C4=C(OC)N=C(OC)C=C4P(C5=CC=CC=C5)C6=CC=CC=C6)C(OC)=N1,L1.54,1,O=C1C=CCCCC1,15,OB(O)c1ccccc1,7,99.0,100.0,14.255757833854181
321,COC1=CC=C2C(C(C3=C(C=C(OC)C=C4)C4=CC=C3P(C5=CC=CC=C5)C6=CC=CC=C6)=C(P(C7=CC=CC=C7)C8=CC=CC=C8)C=C2)=C1,L1.6,2,CC(=O)OC1CCCC=C1[N+](=O)[O-],209,OB(O)c1ccccc1,7,1.5,50.0,-11.242612518160245
322,COC1=CC=C2C(C(C3=C(C=C(OC)C=C4)C4=CC=C3P(C5=CC=CC=C5)C6=CC=CC=C6)=C(P(C7=CC=CC=C7)C8=CC=CC=C8)C=C2)=C1,L1.6,2,O=C1C=CCCC1,0,OB(O)c1ccccc1,7,3.0,100.0,-10.784141163895436
323,C[C@@H](P(C1=CC=CC=C1)C2=CC=CC=C2)[C@@H](C)P(C3=CC=CC=C3)C4=CC=CC=C4,L1.65,0,CCCCOC(=O)c1nc(N(Cc2ccccc2)C(C)C)ccc1/C=C/C(=O)OC(C)(C)C,137,COc1ccc(B(O)O)cc1,10,4.0,50.0,-8.538379024132468
324,C[C@@H](P(C1=CC=CC=C1)C2=CC=CC=C2)[C@@H](C)P(C3=CC=CC=C3)C4=CC=CC=C4,L1.65,0,C/C=C/C(=O)OC(C)C,97,COc1cccc(B(O)O)c1,18,12.5,100.0,-6.0369315178055984
325,C[C@@H](P(C1=CC=CC=C1)C2=CC=CC=C2)[C@@H](C)P(C3=CC=CC=C3)C4=CC=CC=C4,L1.65,0,CC(C)/C=C/C(=O)OC(C)C,114,COc1cccc(B(O)O)c1,18,11.5,100.0,-6.33086661858299
326,C[C@@H](P(C1=CC=CC=C1)C2=CC=CC=C2)[C@@H](C)P(C3=CC=CC=C3)C4=CC=CC=C4,L1.65,0,CCCCOC(=O)c1nc(N(Cc2ccccc2)C(C)C)ccc1/C=C/C(=O)OC(C)(C)C,137,OB(O)c1ccc(Br)c(F)c1,118,2.5,50.0,-9.842777870601655
327,C[C@@H](P(C1=CC=CC=C1)C2=CC=CC=C2)[C@@H](C)P(C3=CC=CC=C3)C4=CC=CC=C4,L1.65,0,CCCCOC(=O)c1nc(N(Cc2ccccc2)C(C)C)ccc1/C=C/C(=O)OC(C)(C)C,137,OB(O)c1ccc2c(c1)OCCO2,57,5.0,50.0,-7.91073322216202
328,C[C@@H](P(C1=CC=CC=C1)C2=CC=CC=C2)[C@@H](C)P(C3=CC=CC=C3)C4=CC=CC=C4,L1.65,0,CCCCOC(=O)c1nc(N(Cc2ccccc2)C(C)C)ccc1/C=C/C(=O)OC(C)(C)C,137,OB(O)c1ccc2c(c1)OCO2,74,5.0,50.0,-7.91073322216202
329,C[C@@H](P(C1=CC=CC=C1)C2=CC=CC=C2)[C@@H](C)P(C3=CC=CC=C3)C4=CC=CC=C4,L1.65,0,C/C=C/C(=O)NCc1ccccc1,160,OB(O)c1ccccc1,7,74.0,100.0,3.244980525170415
330,C[C@@H](P(C1=CC=CC=C1)C2=CC=CC=C2)[C@@H](C)P(C3=CC=CC=C3)C4=CC=CC=C4,L1.65,0,CCCCOC(=O)c1nc(N(Cc2ccccc2)C(C)C)ccc1/C=C/C(=O)OC(C)(C)C,137,OB(O)c1ccccc1,7,5.0,50.0,-7.91073322216202
331,C[C@@H]1CC[C@@H](C)P1C2=CC=CC=C2P3[C@H](C)CC[C@H]3C,L1.59,0,CC(=O)/C=C/c1ccc2c(c1)OCO2,83,CO[C@H](C/C=C/[B-](F)(F)F)c1ccccc1.[K+],105,52.0,80.0,0.23501252153475644
332,C[C@H](P(C1=CC=CC=C1)C2=CC=CC=C2)[C@H](C)P(C3=CC=CC=C3)C4=CC=CC=C4,L1.66,0,C/C(=C\S(=O)(=O)c1ccccn1)c1ccc(Cl)cc1,250,C/C=C/B(O)O,137,95.0,100.0,9.134736505801508
333,C[C@H](P(C1=CC=CC=C1)C2=CC=CC=C2)[C@H](C)P(C3=CC=CC=C3)C4=CC=CC=C4,L1.66,0,C/C(=C\S(=O)(=O)c1ccccn1)c1ccccc1,249,C/C=C/B(O)O,137,94.5,100.0,8.822677770172534
334,C[C@H](P(C1=CC=CC=C1)C2=CC=CC=C2)[C@H](C)P(C3=CC=CC=C3)C4=CC=CC=C4,L1.66,0,C/C=C/S(=O)(=O)c1ccccn1,243,C/C=C/B(O)O,137,71.5,100.0,2.8535385059735283
335,C[C@H](P(C1=CC=CC=C1)C2=CC=CC=C2)[C@H](C)P(C3=CC=CC=C3)C4=CC=CC=C4,L1.66,0,CC(C)(C)OC(=O)/C=C/c1ccccc1,127,CN(C)c1ccc(B(O)O)cc1,117,91.0,50.0,6.215971472910288
336,C[C@H](P(C1=CC=CC=C1)C2=CC=CC=C2)[C@H](C)P(C3=CC=CC=C3)C4=CC=CC=C4,L1.66,0,C/C=C/S(=O)(=O)c1ccccn1,243,COc1ccc(B(O)O)cc1,10,88.5,100.0,6.33086661858299
337,C[C@H](P(C1=CC=CC=C1)C2=CC=CC=C2)[C@H](C)P(C3=CC=CC=C3)C4=CC=CC=C4,L1.66,0,CC(=O)/C=C/c1ccccc1,35,COc1ccc(B(O)O)cc1,10,94.5,0.0,6.4582994316565125
338,C[C@H](P(C1=CC=CC=C1)C2=CC=CC=C2)[C@H](C)P(C3=CC=CC=C3)C4=CC=CC=C4,L1.66,0,CC(C)(C)OC(=O)/C=C/c1ccccc1,127,COc1ccc(B(O)O)cc1,10,96.5,50.0,8.911090444560614
339,C[C@H](P(C1=CC=CC=C1)C2=CC=CC=C2)[C@H](C)P(C3=CC=CC=C3)C4=CC=CC=C4,L1.66,0,CC(C)/C=C/S(=O)(=O)c1ccccn1,246,COc1ccc(B(O)O)cc1,10,88.0,100.0,6.181253776842806
340,C[C@H](P(C1=CC=CC=C1)C2=CC=CC=C2)[C@H](C)P(C3=CC=CC=C3)C4=CC=CC=C4,L1.66,0,CC(C)OC(=O)/C=C/c1ccccc1,126,COc1ccc(B(O)O)cc1,10,96.0,20.0,7.745708837767083
341,C[C@H](P(C1=CC=CC=C1)C2=CC=CC=C2)[C@H](C)P(C3=CC=CC=C3)C4=CC=CC=C4,L1.66,0,CCCCC/C=C/S(=O)(=O)c1ccccn1,247,COc1ccc(B(O)O)cc1,10,90.5,100.0,6.992920050439323
342,C[C@H](P(C1=CC=CC=C1)C2=CC=CC=C2)[C@H](C)P(C3=CC=CC=C3)C4=CC=CC=C4,L1.66,0,COC(=O)/C=C/c1ccccc1,124,COc1ccc(B(O)O)cc1,10,92.0,20.0,5.9526081138412605
343,C[C@H](P(C1=CC=CC=C1)C2=CC=CC=C2)[C@H](C)P(C3=CC=CC=C3)C4=CC=CC=C4,L1.66,0,O=S(=O)(/C=C/c1ccc2ccccc2c1)c1ccccn1,248,COc1ccc(B(O)O)cc1,10,7.5,100.0,-7.794099337579717
344,C[C@H](P(C1=CC=CC=C1)C2=CC=CC=C2)[C@H](C)P(C3=CC=CC=C3)C4=CC=CC=C4,L1.66,0,CC(C)(C)OC(=O)/C=C/c1ccccc1,127,COc1ccc(B(O)O)cc1OC,58,94.0,50.0,7.392464903108631
345,C[C@H](P(C1=CC=CC=C1)C2=CC=CC=C2)[C@H](C)P(C3=CC=CC=C3)C4=CC=CC=C4,L1.66,0,O=C1C=CCCC1,0,COc1ccc([B-]23OCC(C)(CO2)CO3)cn1.[Li+],82,97.0,95.0,10.639639741358984
346,C[C@H](P(C1=CC=CC=C1)C2=CC=CC=C2)[C@H](C)P(C3=CC=CC=C3)C4=CC=CC=C4,L1.66,0,CC(=O)/C=C/c1ccc2ccccc2c1,67,COc1cccc(B(O)O)c1,18,8.5,20.0,-5.791568764566212
347,C[C@H](P(C1=CC=CC=C1)C2=CC=CC=C2)[C@H](C)P(C3=CC=CC=C3)C4=CC=CC=C4,L1.66,0,CC(C)(C)OC(=O)/C=C/c1ccc(C(F)(F)F)cc1,140,COc1cccc(B(O)O)c1,18,92.5,89.0,7.564338939044606
348,C[C@H](P(C1=CC=CC=C1)C2=CC=CC=C2)[C@H](C)P(C3=CC=CC=C3)C4=CC=CC=C4,L1.66,0,CC(C)(C)OC(=O)/C=C/c1ccc2ccccc2c1,152,COc1cccc(B(O)O)c1,18,89.0,80.0,6.138602145629283
349,C[C@H](P(C1=CC=CC=C1)C2=CC=CC=C2)[C@H](C)P(C3=CC=CC=C3)C4=CC=CC=C4,L1.66,0,COc1ccc(/C=C/C(=O)OC(C)(C)C)cc1,135,COc1cccc(B(O)O)c1,18,95.0,80.0,8.645135192345712
350,C[C@H](P(C1=CC=CC=C1)C2=CC=CC=C2)[C@H](C)P(C3=CC=CC=C3)C4=CC=CC=C4,L1.66,0,COc1ccc(C(=O)/C=C/c2ccccc2)cc1,73,COc1cccc(B(O)O)c1,18,91.5,20.0,5.791568764566212
351,C[C@H](P(C1=CC=CC=C1)C2=CC=CC=C2)[C@H](C)P(C3=CC=CC=C3)C4=CC=CC=C4,L1.66,0,COc1ccccc1/C=C/C(=O)OC(C)(C)C,133,COc1cccc(B(O)O)c1,18,95.5,80.0,8.969895630538362
352,C[C@H](P(C1=CC=CC=C1)C2=CC=CC=C2)[C@H](C)P(C3=CC=CC=C3)C4=CC=CC=C4,L1.66,0,O=C(/C=C/c1ccccc1)c1ccccc1,68,COc1cccc(B(O)O)c1,18,93.0,20.0,6.304406275882301
353,C[C@H](P(C1=CC=CC=C1)C2=CC=CC=C2)[C@H](C)P(C3=CC=CC=C3)C4=CC=CC=C4,L1.66,0,CC(C)(C)OC(=O)/C=C/c1ccccc1,127,COc1ccccc1B(O)O,14,95.0,50.0,7.910733222162019
354,C[C@H](P(C1=CC=CC=C1)C2=CC=CC=C2)[C@H](C)P(C3=CC=CC=C3)C4=CC=CC=C4,L1.66,0,C/C(=C\S(=O)(=O)c1ccccn1)c1ccc(Cl)cc1,250,OB(O)/C=C/Cc1ccccc1,138,94.0,100.0,8.536278132740168
355,C[C@H](P(C1=CC=CC=C1)C2=CC=CC=C2)[C@H](C)P(C3=CC=CC=C3)C4=CC=CC=C4,L1.66,0,C/C(=C\S(=O)(=O)c1ccccn1)c1ccccc1,249,OB(O)/C=C/Cc1ccccc1,138,99.5,100.0,16.42178532510618
356,C[C@H](P(C1=CC=CC=C1)C2=CC=CC=C2)[C@H](C)P(C3=CC=CC=C3)C4=CC=CC=C4,L1.66,0,C/C=C/S(=O)(=O)c1ccccn1,243,OB(O)/C=C/Cc1ccccc1,138,96.0,100.0,9.85949600140811
357,C[C@H](P(C1=CC=CC=C1)C2=CC=CC=C2)[C@H](C)P(C3=CC=CC=C3)C4=CC=CC=C4,L1.66,0,C/C(=C\S(=O)(=O)c1ccccn1)c1ccc(Cl)cc1,250,OB(O)/C=C/c1ccccc1,89,96.0,100.0,9.85949600140811
358,C[C@H](P(C1=CC=CC=C1)C2=CC=CC=C2)[C@H](C)P(C3=CC=CC=C3)C4=CC=CC=C4,L1.66,0,C/C(=C\S(=O)(=O)c1ccccn1)c1ccccc1,249,OB(O)/C=C/c1ccccc1,89,97.0,100.0,10.784141163895436
359,C[C@H](P(C1=CC=CC=C1)C2=CC=CC=C2)[C@H](C)P(C3=CC=CC=C3)C4=CC=CC=C4,L1.66,0,C/C=C/S(=O)(=O)c1ccccn1,243,OB(O)/C=C/c1ccccc1,89,92.5,100.0,7.794099337579717
360,C[C@H](P(C1=CC=CC=C1)C2=CC=CC=C2)[C@H](C)P(C3=CC=CC=C3)C4=CC=CC=C4,L1.66,0,C/C=C/S(=O)(=O)c1ccccn1,243,OB(O)c1ccc(F)cc1,21,92.0,100.0,7.577061974006026
361,C[C@H](P(C1=CC=CC=C1)C2=CC=CC=C2)[C@H](C)P(C3=CC=CC=C3)C4=CC=CC=C4,L1.66,0,CC(C)/C=C/S(=O)(=O)c1ccccn1,246,OB(O)c1ccc(F)cc1,21,92.5,100.0,7.794099337579717
362,C[C@H](P(C1=CC=CC=C1)C2=CC=CC=C2)[C@H](C)P(C3=CC=CC=C3)C4=CC=CC=C4,L1.66,0,CCCCC/C=C/S(=O)(=O)c1ccccn1,247,OB(O)c1ccc(F)cc1,21,6.5,100.0,-8.271410102019884
363,C[C@H](P(C1=CC=CC=C1)C2=CC=CC=C2)[C@H](C)P(C3=CC=CC=C3)C4=CC=CC=C4,L1.66,0,O=S(=O)(/C=C/c1ccc2ccccc2c1)c1ccccn1,248,OB(O)c1ccc(F)cc1,21,4.0,100.0,-9.85949600140811
364,C[C@H](P(C1=CC=CC=C1)C2=CC=CC=C2)[C@H](C)P(C3=CC=CC=C3)C4=CC=CC=C4,L1.66,0,CC(=O)/C=C/c1ccccc1,35,OB(O)c1ccc2c(c1)OCO2,74,94.5,20.0,6.9311750993597165
365,C[C@H](P(C1=CC=CC=C1)C2=CC=CC=C2)[C@H](C)P(C3=CC=CC=C3)C4=CC=CC=C4,L1.66,0,CC(C)(C)OC(=O)/C=C/c1ccccc1,127,OB(O)c1ccc2c(c1)OCO2,74,97.0,50.0,9.339126938530914
366,C[C@H](P(C1=CC=CC=C1)C2=CC=CC=C2)[C@H](C)P(C3=CC=CC=C3)C4=CC=CC=C4,L1.66,0,CCCOc1ccc(/C=C/C(=O)OC(C)(C)C)c(C(=O)OC)c1,141,OB(O)c1ccc2c(c1)OCO2,74,5.5,60.0,-7.8769264347661245
367,C[C@H](P(C1=CC=CC=C1)C2=CC=CC=C2)[C@H](C)P(C3=CC=CC=C3)C4=CC=CC=C4,L1.66,0,CCCOc1ccc2c(c1)C(=O)C=C2,24,OB(O)c1ccc2c(c1)OCO2,74,54.0,50.0,0.43078764336909736
368,C[C@H](P(C1=CC=CC=C1)C2=CC=CC=C2)[C@H](C)P(C3=CC=CC=C3)C4=CC=CC=C4,L1.66,0,C/C=C/S(=O)(=O)c1ccccn1,243,OB(O)c1ccccc1,7,90.5,100.0,6.992920050439323
369,C[C@H](P(C1=CC=CC=C1)C2=CC=CC=C2)[C@H](C)P(C3=CC=CC=C3)C4=CC=CC=C4,L1.66,0,CC(C)/C=C/S(=O)(=O)c1ccccn1,246,OB(O)c1ccccc1,7,89.0,100.0,6.48625057522743
370,C[C@H](P(C1=CC=CC=C1)C2=CC=CC=C2)[C@H](C)P(C3=CC=CC=C3)C4=CC=CC=C4,L1.66,0,CCCCC/C=C/S(=O)(=O)c1ccccn1,247,OB(O)c1ccccc1,7,92.0,100.0,7.577061974006026
371,C[C@H](P(C1=CC=CC=C1)C2=CC=CC=C2)[C@H](C)P(C3=CC=CC=C3)C4=CC=CC=C4,L1.66,0,O=C1C=CCCC1,0,OB(O)c1ccccc1,7,70.0,100.0,2.6286307005613745
372,C[C@H](P(C1=CC=CC=C1)C2=CC=CC=C2)[C@H](C)P(C3=CC=CC=C3)C4=CC=CC=C4,L1.66,0,O=S(=O)(/C=C/c1ccc2ccccc2c1)c1ccccn1,248,OB(O)c1ccccc1,7,6.4,100.0,-8.322826079978087
373,C[C@H](P(C1=CC=CC=C1)C2=CC=CC=C2)[C@H](C)P(C3=CC=CC=C3)C4=CC=CC=C4,L1.66,0,C/C=C/S(=O)(=O)c1ccccn1,243,OB(O)c1ccccc1F,16,88.0,100.0,6.181253776842806
374,C[C@H]1CC[C@H](C)P1C2=CC=CC=C2P3[C@@H](C)CC[C@@H]3C,L1.60,0,C/C=C/C(=O)OC(C)C,97,COc1cccc(B(O)O)c1,18,35.5,100.0,-1.8525255013635804
375,C[C@H]1CC[C@H](C)P1C2=CC=CC=C2P3[C@@H](C)CC[C@@H]3C,L1.60,0,C/C=C/C(=O)NCc1ccccc1,160,OB(O)c1ccccc1,7,71.5,100.0,2.8535385059735283
376,C[P@](C(C)(C)C)CC[P@](C)C(C)(C)C,L1.74,0,O=C1C=CCCC1,0,OB(O)c1ccccc1,7,40.0,40.0,-1.055640207994252
377,C[Si](C#CC1=CC=CC(C1=CC=C2P(C3=CC=CC=C3)C4=CC=CC=C4)=C2C5=C(P(C6=CC=CC=C6)C7=CC=CC=C7)C=CC8=C(C#C[Si](C)(C)C)C=CC=C85)(C)C,L1.16,2,O=C1C=CCCC1,0,OB(O)c1ccccc1,7,1.5,100.0,-12.982147179797291
378,C[Si](C1=C2C(C(C3=C(C=CC=C4[Si](C)(C)C)C4=CC=C3P(C5=CC=CC=C5)C6=CC=CC=C6)=C(P(C7=CC=CC=C7)C8=CC=CC=C8)C=C2)=CC=C1)(C)C,L1.17,2,CCC/C=C/C(=O)OC,111,OB(O)c1ccccc1,7,8.0,100.0,-7.577061974006026
379,FC(C(C=C1)=CC=C1P(C2=CC=C(C(F)(F)F)C=C2)C3=C(C4=C5OCCOC5=CC=C4P(C6=CC=C(C(F)(F)F)C=C6)C7=CC=C(C(F)(F)F)C=C7)C8C(OCCO8)C=C3)(F)F,L1.32,2,O=C1C=CCC1,6,OB(O)c1ccccc1,7,6.0,20.0,-6.706176965329708
380,FC(C(C=C1)=CC=C1P(C2=CC=C(C(F)(F)F)C=C2)C3=C(C4=C5OCCOC5=CC=C4P(C6=CC=C(C(F)(F)F)C=C6)C7=CC=C(C(F)(F)F)C=C7)C8C(OCCO8)C=C3)(F)F,L1.32,2,O=C1C=CCCC1,0,OB(O)c1ccccc1,7,0.5,20.0,-12.901102420085426
381,FC(C(C=C1)=CC=C1P(C2=CC=C(C(F)(F)F)C=C2)C3=C(C4=C5OCCOC5=CC=C4P(C6=CC=C(C(F)(F)F)C=C6)C7=CC=C(C(F)(F)F)C=C7)C8C(OCCO8)C=C3)(F)F,L1.32,2,O=C1C=CCCO1,110,OB(O)c1ccccc1,7,1.5,20.0,-10.198891721178015
382,FC(C(C=C1)=CC=C1P(C2=CC=C(C(F)(F)F)C=C2)C3=C(C4=C5OCCOC5=CC=C4P(C6=CC=C(C(F)(F)F)C=C6)C7=CC=C(C(F)(F)F)C=C7)C8C(OCCO8)C=C3)(F)F,L1.32,2,O=C1C=CCO1,109,OB(O)c1ccccc1,7,1.5,20.0,-10.198891721178015
383,FC(C1=CC(P(C2=CC(C(F)(F)F)=CC(C(F)(F)F)=C2)C3=C(C4=C5OCCOC5=CC=C4P(C6=CC(C(F)(F)F)=CC(C(F)(F)F)=C6)C7=CC(C(F)(F)F)=CC(C(F)(F)F)=C7)C8C(OCCO8)C=C3)=CC(C(F)(F)F)=C1)(F)F,L1.33,2,CN1C(=O)C=CC1=O,168,COc1ccc(B(O)O)cc1,10,3.5,30.0,-8.359576259534428
384,FC(C1=CC(P(C2=CC(C(F)(F)F)=CC(C(F)(F)F)=C2)C3=C(C4=C5OCCOC5=CC=C4P(C6=CC(C(F)(F)F)=CC(C(F)(F)F)=C6)C7=CC(C(F)(F)F)=CC(C(F)(F)F)=C7)C8C(OCCO8)C=C3)=CC(C(F)(F)F)=C1)(F)F,L1.33,2,CN1C(=O)C=CC1=O,168,COc1ccc2cc(B(O)O)ccc2c1,129,5.0,30.0,-7.421131908706224
385,FC(C1=CC(P(C2=CC(C(F)(F)F)=CC(C(F)(F)F)=C2)C3=C(C4=C5OCCOC5=CC=C4P(C6=CC(C(F)(F)F)=CC(C(F)(F)F)=C6)C7=CC(C(F)(F)F)=CC(C(F)(F)F)=C7)C8C(OCCO8)C=C3)=CC(C(F)(F)F)=C1)(F)F,L1.33,2,CN1C(=O)C=CC1=O,168,COc1cccc(B(O)O)c1,18,5.0,30.0,-7.421131908706224
386,FC(C1=CC(P(C2=CC(C(F)(F)F)=CC(C(F)(F)F)=C2)C3=C(C4=C5OCCOC5=CC=C4P(C6=CC(C(F)(F)F)=CC(C(F)(F)F)=C6)C7=CC(C(F)(F)F)=CC(C(F)(F)F)=C7)C8C(OCCO8)C=C3)=CC(C(F)(F)F)=C1)(F)F,L1.33,2,CN1C(=O)C=CC1=O,168,Cc1ccc(B(O)O)cc1,12,4.5,30.0,-7.699911823298046
387,FC(C1=CC(P(C2=CC(C(F)(F)F)=CC(C(F)(F)F)=C2)C3=C(C4=C5OCCOC5=CC=C4P(C6=CC(C(F)(F)F)=CC(C(F)(F)F)=C6)C7=CC(C(F)(F)F)=CC(C(F)(F)F)=C7)C8C(OCCO8)C=C3)=CC(C(F)(F)F)=C1)(F)F,L1.33,2,CN1C(=O)C=CC1=O,168,Cc1cccc(B(O)O)c1,17,4.5,30.0,-7.699911823298046
388,FC(C1=CC(P(C2=CC(C(F)(F)F)=CC(C(F)(F)F)=C2)C3=C(C4=C5OCCOC5=CC=C4P(C6=CC(C(F)(F)F)=CC(C(F)(F)F)=C6)C7=CC(C(F)(F)F)=CC(C(F)(F)F)=C7)C8C(OCCO8)C=C3)=CC(C(F)(F)F)=C1)(F)F,L1.33,2,O=C1C=CCCC1,0,Cc1ccccc1B(O)O,6,3.5,20.0,-8.083819167021334
389,FC(C1=CC(P(C2=CC(C(F)(F)F)=CC(C(F)(F)F)=C2)C3=C(C4=C5OCCOC5=CC=C4P(C6=CC(C(F)(F)F)=CC(C(F)(F)F)=C6)C7=CC(C(F)(F)F)=CC(C(F)(F)F)=C7)C8C(OCCO8)C=C3)=CC(C(F)(F)F)=C1)(F)F,L1.33,2,CN1C(=O)C=CC1=O,168,OB(O)c1ccc(Br)cc1,23,7.5,30.0,-6.331987710538098
390,FC(C1=CC(P(C2=CC(C(F)(F)F)=CC(C(F)(F)F)=C2)C3=C(C4=C5OCCOC5=CC=C4P(C6=CC(C(F)(F)F)=CC(C(F)(F)F)=C6)C7=CC(C(F)(F)F)=CC(C(F)(F)F)=C7)C8C(OCCO8)C=C3)=CC(C(F)(F)F)=C1)(F)F,L1.33,2,CN1C(=O)C=CC1=O,168,OB(O)c1ccc(Cl)cc1,22,3.5,30.0,-8.359576259534428
391,FC(C1=CC(P(C2=CC(C(F)(F)F)=CC(C(F)(F)F)=C2)C3=C(C4=C5OCCOC5=CC=C4P(C6=CC(C(F)(F)F)=CC(C(F)(F)F)=C6)C7=CC(C(F)(F)F)=CC(C(F)(F)F)=C7)C8C(OCCO8)C=C3)=CC(C(F)(F)F)=C1)(F)F,L1.33,2,CN1C(=O)C=CC1=O,168,OB(O)c1ccc(F)cc1,21,6.5,30.0,-6.719758736238316
392,FC(C1=CC(P(C2=CC(C(F)(F)F)=CC(C(F)(F)F)=C2)C3=C(C4=C5OCCOC5=CC=C4P(C6=CC(C(F)(F)F)=CC(C(F)(F)F)=C6)C7=CC(C(F)(F)F)=CC(C(F)(F)F)=C7)C8C(OCCO8)C=C3)=CC(C(F)(F)F)=C1)(F)F,L1.33,2,CN1C(=O)C=CC1=O,168,OB(O)c1ccc(OC(F)(F)F)cc1,72,4.0,30.0,-8.009932233222212
393,FC(C1=CC(P(C2=CC(C(F)(F)F)=CC(C(F)(F)F)=C2)C3=C(C4=C5OCCOC5=CC=C4P(C6=CC(C(F)(F)F)=CC(C(F)(F)F)=C6)C7=CC(C(F)(F)F)=CC(C(F)(F)F)=C7)C8C(OCCO8)C=C3)=CC(C(F)(F)F)=C1)(F)F,L1.33,2,CN1C(=O)C=CC1=O,168,OB(O)c1ccc2ccccc2c1,11,4.0,30.0,-8.009932233222212
394,FC(C1=CC(P(C2=CC(C(F)(F)F)=CC(C(F)(F)F)=C2)C3=C(C4=C5OCCOC5=CC=C4P(C6=CC(C(F)(F)F)=CC(C(F)(F)F)=C6)C7=CC(C(F)(F)F)=CC(C(F)(F)F)=C7)C8C(OCCO8)C=C3)=CC(C(F)(F)F)=C1)(F)F,L1.33,2,CN1C(=O)C=CC1=O,168,OB(O)c1cccc(Br)c1,128,10.0,30.0,-5.537860874970315
395,FC(C1=CC(P(C2=CC(C(F)(F)F)=CC(C(F)(F)F)=C2)C3=C(C4=C5OCCOC5=CC=C4P(C6=CC(C(F)(F)F)=CC(C(F)(F)F)=C6)C7=CC(C(F)(F)F)=CC(C(F)(F)F)=C7)C8C(OCCO8)C=C3)=CC(C(F)(F)F)=C1)(F)F,L1.33,2,CN1C(=O)C=CC1=O,168,OB(O)c1cccc(Cl)c1,8,6.5,30.0,-6.719758736238316
396,FC(C1=CC(P(C2=CC(C(F)(F)F)=CC(C(F)(F)F)=C2)C3=C(C4=C5OCCOC5=CC=C4P(C6=CC(C(F)(F)F)=CC(C(F)(F)F)=C6)C7=CC(C(F)(F)F)=CC(C(F)(F)F)=C7)C8C(OCCO8)C=C3)=CC(C(F)(F)F)=C1)(F)F,L1.33,2,CN1C(=O)C=CC1=O,168,OB(O)c1ccccc1,7,49.0,50.0,-0.10748109634178589
397,FC(C1=CC(P(C2=CC(C(F)(F)F)=CC(C(F)(F)F)=C2)C3=C(C4=C5OCCOC5=CC=C4P(C6=CC(C(F)(F)F)=CC(C(F)(F)F)=C6)C7=CC(C(F)(F)F)=CC(C(F)(F)F)=C7)C8C(OCCO8)C=C3)=CC(C(F)(F)F)=C1)(F)F,L1.33,2,O=C1C=CC(=O)N1C1CCCCC1,169,OB(O)c1ccccc1,7,10.0,50.0,-5.903215377689781
398,FC(C1=CC(P(C2=CC(C(F)(F)F)=CC(C(F)(F)F)=C2)C3=C(C4=C5OCCOC5=CC=C4P(C6=CC(C(F)(F)F)=CC(C(F)(F)F)=C6)C7=CC(C(F)(F)F)=CC(C(F)(F)F)=C7)C8C(OCCO8)C=C3)=CC(C(F)(F)F)=C1)(F)F,L1.33,2,O=C1C=CC(=O)N1Cc1ccccc1,174,OB(O)c1ccccc1,7,26.0,50.0,-2.8101713967809716
399,FC(C1=CC(P(C2=CC(C(F)(F)F)=CC(C(F)(F)F)=C2)C3=C(C4=C5OCCOC5=CC=C4P(C6=CC(C(F)(F)F)=CC(C(F)(F)F)=C6)C7=CC(C(F)(F)F)=CC(C(F)(F)F)=C7)C8C(OCCO8)C=C3)=CC(C(F)(F)F)=C1)(F)F,L1.33,2,O=C1C=CCC1,6,OB(O)c1ccccc1,7,2.0,20.0,-9.485335518931857
400,FC(C1=CC(P(C2=CC(C(F)(F)F)=CC(C(F)(F)F)=C2)C3=C(C4=C5OCCOC5=CC=C4P(C6=CC(C(F)(F)F)=CC(C(F)(F)F)=C6)C7=CC(C(F)(F)F)=CC(C(F)(F)F)=C7)C8C(OCCO8)C=C3)=CC(C(F)(F)F)=C1)(F)F,L1.33,2,O=C1C=CCCC1,0,OB(O)c1ccccc1,7,0.5,20.0,-12.901102420085426
401,FC(C1=CC(P(C2=CC(C(F)(F)F)=CC(C(F)(F)F)=C2)C3=C(C4=C5OCCOC5=CC=C4P(C6=CC(C(F)(F)F)=CC(C(F)(F)F)=C6)C7=CC(C(F)(F)F)=CC(C(F)(F)F)=C7)C8C(OCCO8)C=C3)=CC(C(F)(F)F)=C1)(F)F,L1.33,2,O=C1C=CCCO1,110,OB(O)c1ccccc1,7,5.0,20.0,-7.1763312519783256
402,FC(C1=CC(P(C2=CC(C(F)(F)F)=CC(C(F)(F)F)=C2)C3=C(C4=C5OCCOC5=CC=C4P(C6=CC(C(F)(F)F)=CC(C(F)(F)F)=C6)C7=CC(C(F)(F)F)=CC(C(F)(F)F)=C7)C8C(OCCO8)C=C3)=CC(C(F)(F)F)=C1)(F)F,L1.33,2,O=C1C=CCO1,109,OB(O)c1ccccc1,7,11.5,20.0,-4.97358582135228
403,FC(O1)(F)OC2C1C(C3=C(OC(F)(F)O4)C4=CC=C3P(C5=CC=CC=C5)C6=CC=CC=C6)=C(P(C7=CC=CC=C7)C8=CC=CC=C8)C=C2,L1.28,2,CC(=O)/C=C/C(C)C,12,OB(O)c1ccccc1,7,2.0,30.0,-9.808901458516775
404,FC(O1)(F)OC2C1C(C3=C(OC(F)(F)O4)C4=CC=C3P(C5=CC=CC=C5)C6=CC=CC=C6)=C(P(C7=CC=CC=C7)C8=CC=CC=C8)C=C2,L1.28,2,O=C1C=CCC1,6,OB(O)c1ccccc1,7,0.5,20.0,-12.901102420085426
405,FC(O1)(F)OC2C1C(C3=C(OC(F)(F)O4)C4=CC=C3P(C5=CC=CC=C5)C6=CC=CC=C6)=C(P(C7=CC=CC=C7)C8=CC=CC=C8)C=C2,L1.28,2,O=C1C=CCCC1,0,OB(O)c1ccccc1,7,3.0,20.0,-8.472118403312198
406,FC(O1)(F)OC2C1C(C3=C(OC(F)(F)O4)C4=CC=C3P(C5=CC=CC=C5)C6=CC=CC=C6)=C(P(C7=CC=CC=C7)C8=CC=CC=C8)C=C2,L1.28,2,O=C1C=CCCCC1,15,OB(O)c1ccccc1,7,4.0,20.0,-7.745708837767083
407,FC(O1)(F)OC2C1C(C3=C(OC(F)(F)O4)C4=CC=C3P(C5=CC=CC=C5)C6=CC=CC=C6)=C(P(C7=CC=CC=C7)C8=CC=CC=C8)C=C2,L1.28,2,O=C1C=CCCO1,110,OB(O)c1ccccc1,7,3.5,20.0,-8.083819167021334
408,FC(O1)(F)OC2C1C(C3=C(OC(F)(F)O4)C4=CC=C3P(C5=CC=CC=C5)C6=CC=CC=C6)=C(P(C7=CC=CC=C7)C8=CC=CC=C8)C=C2,L1.28,2,O=C1C=CCO1,109,OB(O)c1ccccc1,7,0.5,20.0,-12.901102420085426
409,FC(OC1=C(C2=C(C=CC=C2OC(F)(F)F)P(C3=CC=CC=C3)C4=CC=CC=C4)C(P(C5=CC=CC=C5)C6=CC=CC=C6)=CC=C1)(F)F,L1.52,1,O=C1C=CCCC1,0,OB(O)c1ccccc1,7,98.5,50.0,11.242612518160245
410,FC1=CC(P(C2=CC(F)=C(F)C(F)=C2)C3=C(C4=C5OCCOC5=CC=C4P(C6=CC(F)=C(F)C(F)=C6)C7=CC(F)=C(F)C(F)=C7)C8C(OCCO8)C=C3)=CC(F)=C1F,L1.34,2,O=C1C=CCC1,6,OB(O)c1ccccc1,7,1.5,20.0,-10.198891721178015
411,FC1=CC(P(C2=CC(F)=C(F)C(F)=C2)C3=C(C4=C5OCCOC5=CC=C4P(C6=CC(F)=C(F)C(F)=C6)C7=CC(F)=C(F)C(F)=C7)C8C(OCCO8)C=C3)=CC(F)=C1F,L1.34,2,O=C1C=CCCC1,0,OB(O)c1ccccc1,7,0.5,20.0,-12.901102420085426
412,FC1=CC(P(C2=CC(F)=C(F)C(F)=C2)C3=C(C4=C5OCCOC5=CC=C4P(C6=CC(F)=C(F)C(F)=C6)C7=CC(F)=C(F)C(F)=C7)C8C(OCCO8)C=C3)=CC(F)=C1F,L1.34,2,O=C1C=CCCCC1,15,OB(O)c1ccccc1,7,4.5,20.0,-7.445915061849981
413,FC1=CC(P(C2=CC(F)=C(F)C(F)=C2)C3=C(C4=C5OCCOC5=CC=C4P(C6=CC(F)=C(F)C(F)=C6)C7=CC(F)=C(F)C(F)=C7)C8C(OCCO8)C=C3)=CC(F)=C1F,L1.34,2,O=C1C=CCCO1,110,OB(O)c1ccccc1,7,3.0,20.0,-8.472118403312198
414,FC1=CC(P(C2=CC(F)=C(F)C(F)=C2)C3=C(C4=C5OCCOC5=CC=C4P(C6=CC(F)=C(F)C(F)=C6)C7=CC(F)=C(F)C(F)=C7)C8C(OCCO8)C=C3)=CC(F)=C1F,L1.34,2,O=C1C=CCO1,109,OB(O)c1ccccc1,7,7.0,20.0,-6.3044062758823
415,FC1=CC(P(C2=CC(F)=C(F)C(F)=C2)C3=CC=CC(OC)=C3C4=C(P(C5=CC(F)=C(F)C(F)=C5)C6=CC(F)=C(F)C(F)=C6)C=CC=C4OC)=CC(F)=C1F,L1.42,2,O=C1C=CCCO1,110,COc1ccc(B(O)O)cc1,10,1.0,20.0,-11.199451719132663
416,FC1=CC(P(C2=CC(F)=C(F)C(F)=C2)C3=CC=CC(OC)=C3C4=C(P(C5=CC(F)=C(F)C(F)=C5)C6=CC(F)=C(F)C(F)=C6)C=CC=C4OC)=CC(F)=C1F,L1.42,2,CN1C(=O)C=CC1=O,168,COc1cccc(B(O)O)c1,18,3.0,-10.0,-7.605109868093486
417,FC1=CC(P(C2=CC(F)=C(F)C(F)=C2)C3=CC=CC(OC)=C3C4=C(P(C5=CC(F)=C(F)C(F)=C5)C6=CC(F)=C(F)C(F)=C6)C=CC=C4OC)=CC(F)=C1F,L1.42,2,O=C1C=CCCC1,0,COc1cccc(B(O)O)c1,18,1.0,100.0,-14.255757833854181
418,FC1=CC(P(C2=CC(F)=C(F)C(F)=C2)C3=CC=CC(OC)=C3C4=C(P(C5=CC(F)=C(F)C(F)=C5)C6=CC(F)=C(F)C(F)=C6)C=CC=C4OC)=CC(F)=C1F,L1.42,2,O=C1C=CCCO1,110,COc1cccc(B(O)O)c1,18,1.5,20.0,-10.198891721178015
419,FC1=CC(P(C2=CC(F)=C(F)C(F)=C2)C3=CC=CC(OC)=C3C4=C(P(C5=CC(F)=C(F)C(F)=C5)C6=CC(F)=C(F)C(F)=C6)C=CC=C4OC)=CC(F)=C1F,L1.50,1,O=c1ccoc2ccccc12,28,COc1cccc(B(O)O)c1,18,99.5,20.0,12.901102420085426
420,FC1=CC(P(C2=CC(F)=C(F)C(F)=C2)C3=CC=CC(OC)=C3C4=C(P(C5=CC(F)=C(F)C(F)=C5)C6=CC(F)=C(F)C(F)=C6)C=CC=C4OC)=CC(F)=C1F,L1.42,2,CN1C(=O)C=CC1=O,168,COc1ccccc1B(O)O,14,2.5,0.0,-8.31983529430556
421,FC1=CC(P(C2=CC(F)=C(F)C(F)=C2)C3=CC=CC(OC)=C3C4=C(P(C5=CC(F)=C(F)C(F)=C5)C6=CC(F)=C(F)C(F)=C6)C=CC=C4OC)=CC(F)=C1F,L1.42,2,O=C1C=CCCO1,110,COc1ccccc1B(O)O,14,0.5,20.0,-12.901102420085426
422,FC1=CC(P(C2=CC(F)=C(F)C(F)=C2)C3=CC=CC(OC)=C3C4=C(P(C5=CC(F)=C(F)C(F)=C5)C6=CC(F)=C(F)C(F)=C6)C=CC=C4OC)=CC(F)=C1F,L1.42,2,CN1C(=O)C=CC1=O,168,Cc1cc(C)cc(B(O)O)c1,60,3.0,0.0,-7.894112713166389
423,FC1=CC(P(C2=CC(F)=C(F)C(F)=C2)C3=CC=CC(OC)=C3C4=C(P(C5=CC(F)=C(F)C(F)=C5)C6=CC(F)=C(F)C(F)=C6)C=CC=C4OC)=CC(F)=C1F,L1.42,2,O=C1C=CCCC1,0,Cc1ccc(B(O)O)cc1,12,1.5,100.0,-12.982147179797291
424,FC1=CC(P(C2=CC(F)=C(F)C(F)=C2)C3=CC=CC(OC)=C3C4=C(P(C5=CC(F)=C(F)C(F)=C5)C6=CC(F)=C(F)C(F)=C6)C=CC=C4OC)=CC(F)=C1F,L1.50,1,O=c1ccoc2ccccc12,28,Cc1ccc(B(O)O)cc1,12,99.5,20.0,12.901102420085426
425,FC1=CC(P(C2=CC(F)=C(F)C(F)=C2)C3=CC=CC(OC)=C3C4=C(P(C5=CC(F)=C(F)C(F)=C5)C6=CC(F)=C(F)C(F)=C6)C=CC=C4OC)=CC(F)=C1F,L1.42,2,CN1C(=O)C=CC1=O,168,Cc1cccc(B(O)O)c1,17,4.0,-10.0,-6.953038651401699
426,FC1=CC(P(C2=CC(F)=C(F)C(F)=C2)C3=CC=CC(OC)=C3C4=C(P(C5=CC(F)=C(F)C(F)=C5)C6=CC(F)=C(F)C(F)=C6)C=CC=C4OC)=CC(F)=C1F,L1.42,2,O=C1C=CCCO1,110,Cc1cccc(B(O)O)c1,17,1.5,20.0,-10.198891721178015
427,FC1=CC(P(C2=CC(F)=C(F)C(F)=C2)C3=CC=CC(OC)=C3C4=C(P(C5=CC(F)=C(F)C(F)=C5)C6=CC(F)=C(F)C(F)=C6)C=CC=C4OC)=CC(F)=C1F,L1.42,2,O=C1C=CCCC1,0,OB(O)c1ccc(C(F)(F)F)cc1,9,0.5,20.0,-12.901102420085426
428,FC1=CC(P(C2=CC(F)=C(F)C(F)=C2)C3=CC=CC(OC)=C3C4=C(P(C5=CC(F)=C(F)C(F)=C5)C6=CC(F)=C(F)C(F)=C6)C=CC=C4OC)=CC(F)=C1F,L1.42,2,O=C1C=CCCO1,110,OB(O)c1ccc(C(F)(F)F)cc1,9,0.5,20.0,-12.901102420085426
429,FC1=CC(P(C2=CC(F)=C(F)C(F)=C2)C3=CC=CC(OC)=C3C4=C(P(C5=CC(F)=C(F)C(F)=C5)C6=CC(F)=C(F)C(F)=C6)C=CC=C4OC)=CC(F)=C1F,L1.42,2,CN1C(=O)C=CC1=O,168,OB(O)c1ccc(F)cc1,21,2.5,0.0,-8.31983529430556
430,FC1=CC(P(C2=CC(F)=C(F)C(F)=C2)C3=CC=CC(OC)=C3C4=C(P(C5=CC(F)=C(F)C(F)=C5)C6=CC(F)=C(F)C(F)=C6)C=CC=C4OC)=CC(F)=C1F,L1.42,2,O=C1C=CCCC1,0,OB(O)c1ccc(F)cc1,21,2.0,100.0,-12.073863035611197
431,FC1=CC(P(C2=CC(F)=C(F)C(F)=C2)C3=CC=CC(OC)=C3C4=C(P(C5=CC(F)=C(F)C(F)=C5)C6=CC(F)=C(F)C(F)=C6)C=CC=C4OC)=CC(F)=C1F,L1.42,2,O=C1C=CCCO1,110,OB(O)c1ccc(F)cc1,21,1.0,20.0,-11.199451719132663
432,FC1=CC(P(C2=CC(F)=C(F)C(F)=C2)C3=CC=CC(OC)=C3C4=C(P(C5=CC(F)=C(F)C(F)=C5)C6=CC(F)=C(F)C(F)=C6)C=CC=C4OC)=CC(F)=C1F,L1.50,1,O=c1ccoc2ccccc12,28,OB(O)c1ccc(F)cc1,21,99.5,10.0,12.461017056957832
433,FC1=CC(P(C2=CC(F)=C(F)C(F)=C2)C3=CC=CC(OC)=C3C4=C(P(C5=CC(F)=C(F)C(F)=C5)C6=CC(F)=C(F)C(F)=C6)C=CC=C4OC)=CC(F)=C1F,L1.50,1,O=c1ccoc2ccccc12,28,OB(O)c1ccc2ccccc2c1,11,99.5,0.0,12.020931693830237
434,FC1=CC(P(C2=CC(F)=C(F)C(F)=C2)C3=CC=CC(OC)=C3C4=C(P(C5=CC(F)=C(F)C(F)=C5)C6=CC(F)=C(F)C(F)=C6)C=CC=C4OC)=CC(F)=C1F,L1.42,2,CN1C(=O)C=CC1=O,168,OB(O)c1cccc(Cl)c1,8,4.0,0.0,-7.217262046856827
435,FC1=CC(P(C2=CC(F)=C(F)C(F)=C2)C3=CC=CC(OC)=C3C4=C(P(C5=CC(F)=C(F)C(F)=C5)C6=CC(F)=C(F)C(F)=C6)C=CC=C4OC)=CC(F)=C1F,L1.42,2,CN1C(=O)C=CC1=O,168,OB(O)c1cccc(F)c1,43,4.5,0.0,-6.937921538953854
436,FC1=CC(P(C2=CC(F)=C(F)C(F)=C2)C3=CC=CC(OC)=C3C4=C(P(C5=CC(F)=C(F)C(F)=C5)C6=CC(F)=C(F)C(F)=C6)C=CC=C4OC)=CC(F)=C1F,L1.42,2,O=C1C=CCCC1,0,OB(O)c1cccc(F)c1,43,0.5,20.0,-12.901102420085426
437,FC1=CC(P(C2=CC(F)=C(F)C(F)=C2)C3=CC=CC(OC)=C3C4=C(P(C5=CC(F)=C(F)C(F)=C5)C6=CC(F)=C(F)C(F)=C6)C=CC=C4OC)=CC(F)=C1F,L1.50,1,O=c1ccoc2ccccc12,28,OB(O)c1cccc(F)c1,43,99.5,40.0,13.781273146340615
438,FC1=CC(P(C2=CC(F)=C(F)C(F)=C2)C3=CC=CC(OC)=C3C4=C(P(C5=CC(F)=C(F)C(F)=C5)C6=CC(F)=C(F)C(F)=C6)C=CC=C4OC)=CC(F)=C1F,L1.42,2,CC(=O)/C=C/C(C)C,12,OB(O)c1ccccc1,7,2.5,100.0,-11.365720446897749
439,FC1=CC(P(C2=CC(F)=C(F)C(F)=C2)C3=CC=CC(OC)=C3C4=C(P(C5=CC(F)=C(F)C(F)=C5)C6=CC(F)=C(F)C(F)=C6)C=CC=C4OC)=CC(F)=C1F,L1.42,2,CN1C(=O)C=CC1=O,168,OB(O)c1ccccc1,7,15.5,30.0,-4.274356885472288
440,FC1=CC(P(C2=CC(F)=C(F)C(F)=C2)C3=CC=CC(OC)=C3C4=C(P(C5=CC(F)=C(F)C(F)=C5)C6=CC(F)=C(F)C(F)=C6)C=CC=C4OC)=CC(F)=C1F,L1.50,1,COc1cc(OC)c2c(=O)ccoc2c1,33,OB(O)c1ccccc1,7,99.5,60.0,14.661443872595802
441,FC1=CC(P(C2=CC(F)=C(F)C(F)=C2)C3=CC=CC(OC)=C3C4=C(P(C5=CC(F)=C(F)C(F)=C5)C6=CC(F)=C(F)C(F)=C6)C=CC=C4OC)=CC(F)=C1F,L1.42,2,Cc1ccc2oc(=O)ccc2c1,147,OB(O)c1ccccc1,7,0.5,20.0,-12.901102420085426
442,FC1=CC(P(C2=CC(F)=C(F)C(F)=C2)C3=CC=CC(OC)=C3C4=C(P(C5=CC(F)=C(F)C(F)=C5)C6=CC(F)=C(F)C(F)=C6)C=CC=C4OC)=CC(F)=C1F,L1.42,2,O=C1C=CC(=O)N1,167,OB(O)c1ccccc1,7,8.0,-10.0,-5.343437916279474
443,FC1=CC(P(C2=CC(F)=C(F)C(F)=C2)C3=CC=CC(OC)=C3C4=C(P(C5=CC(F)=C(F)C(F)=C5)C6=CC(F)=C(F)C(F)=C6)C=CC=C4OC)=CC(F)=C1F,L1.42,2,O=C1C=CC(=O)N1C1CCCCC1,169,OB(O)c1ccccc1,7,0.5,-10.0,-11.580846330702643
444,FC1=CC(P(C2=CC(F)=C(F)C(F)=C2)C3=CC=CC(OC)=C3C4=C(P(C5=CC(F)=C(F)C(F)=C5)C6=CC(F)=C(F)C(F)=C6)C=CC=C4OC)=CC(F)=C1F,L1.42,2,O=C1C=CC(=O)N1Cc1ccccc1,174,OB(O)c1ccccc1,7,2.5,-10.0,-8.015246779046343
445,FC1=CC(P(C2=CC(F)=C(F)C(F)=C2)C3=CC=CC(OC)=C3C4=C(P(C5=CC(F)=C(F)C(F)=C5)C6=CC(F)=C(F)C(F)=C6)C=CC=C4OC)=CC(F)=C1F,L1.42,2,O=C1C=CC(=O)N1c1ccccc1,170,OB(O)c1ccccc1,7,0.5,-10.0,-11.580846330702643
446,FC1=CC(P(C2=CC(F)=C(F)C(F)=C2)C3=CC=CC(OC)=C3C4=C(P(C5=CC(F)=C(F)C(F)=C5)C6=CC(F)=C(F)C(F)=C6)C=CC=C4OC)=CC(F)=C1F,L1.42,2,O=C1C=CCCC1,0,OB(O)c1ccccc1,7,1.0,30.0,-11.581489983472855
447,FC1=CC(P(C2=CC(F)=C(F)C(F)=C2)C3=CC=CC(OC)=C3C4=C(P(C5=CC(F)=C(F)C(F)=C5)C6=CC(F)=C(F)C(F)=C6)C=CC=C4OC)=CC(F)=C1F,L1.42,2,O=C1C=CCCCC1,15,OB(O)c1ccccc1,7,1.0,20.0,-11.199451719132663
448,FC1=CC(P(C2=CC(F)=C(F)C(F)=C2)C3=CC=CC(OC)=C3C4=C(P(C5=CC(F)=C(F)C(F)=C5)C6=CC(F)=C(F)C(F)=C6)C=CC=C4OC)=CC(F)=C1F,L1.42,2,O=C1C=CCCO1,110,OB(O)c1ccccc1,7,7.5,20.0,-6.123114620960724
449,FC1=CC(P(C2=CC(F)=C(F)C(F)=C2)C3=CC=CC(OC)=C3C4=C(P(C5=CC(F)=C(F)C(F)=C5)C6=CC(F)=C(F)C(F)=C6)C=CC=C4OC)=CC(F)=C1F,L1.50,1,O=c1ccoc2ccc(Br)cc12,31,OB(O)c1ccccc1,7,99.5,35.0,13.561230464776816
450,FC1=CC(P(C2=CC(F)=C(F)C(F)=C2)C3=CC=CC(OC)=C3C4=C(P(C5=CC(F)=C(F)C(F)=C5)C6=CC(F)=C(F)C(F)=C6)C=CC=C4OC)=CC(F)=C1F,L1.50,1,O=c1ccoc2ccc(Cl)cc12,30,OB(O)c1ccccc1,7,99.5,40.0,13.781273146340615
451,FC1=CC(P(C2=CC(F)=C(F)C(F)=C2)C3=CC=CC(OC)=C3C4=C(P(C5=CC(F)=C(F)C(F)=C5)C6=CC(F)=C(F)C(F)=C6)C=CC=C4OC)=CC(F)=C1F,L1.50,1,O=c1ccoc2ccccc12,28,OB(O)c1ccccc1,7,99.5,20.0,12.901102420085426
452,FC1=CC(P(C2=CC(F)=C(F)C(F)=C2)C3=CC=CC(OC)=C3C4=C(P(C5=CC(F)=C(F)C(F)=C5)C6=CC(F)=C(F)C(F)=C6)C=CC=C4OC)=CC(F)=C1F,L1.42,2,O=C1C=CCCC1,0,OB(O)c1ccccc1Cl,33,0.5,20.0,-12.901102420085426
453,FC1=CC(P(C2=CC(F)=C(F)C(F)=C2)C3=CC=CC(OC)=C3C4=C(P(C5=CC(F)=C(F)C(F)=C5)C6=CC(F)=C(F)C(F)=C6)C=CC=C4OC)=CC(F)=C1F,L1.42,2,CN1C(=O)C=CC1=O,168,OB(O)c1ccccc1F,16,4.5,0.0,-6.937921538953854
454,FC1=CC(P(C2=CC(F)=C(F)C(F)=C2)C3=CC=CC(OC)=C3C4=C(P(C5=CC(F)=C(F)C(F)=C5)C6=CC(F)=C(F)C(F)=C6)C=CC=C4OC)=CC(F)=C1F,L1.50,1,Cc1cc2occc(=O)c2cc1Cl,51,[Na+].c1ccc([B-](c2ccccc2)(c2ccccc2)c2ccccc2)cc1,3,99.5,40.0,13.781273146340615
455,FC1=CC(P(C2=CC(F)=C(F)C(F)=C2)C3=CC=CC(OC)=C3C4=C(P(C5=CC(F)=C(F)C(F)=C5)C6=CC(F)=C(F)C(F)=C6)C=CC=C4OC)=CC(F)=C1F,L1.50,1,Cc1ccc2occc(=O)c2c1,49,[Na+].c1ccc([B-](c2ccccc2)(c2ccccc2)c2ccccc2)cc1,3,99.5,30.0,13.341187783213021
456,IC1=C2C(C(C3=C(C=CC=C4I)C4=CC=C3P(C5=CC=CC=C5)C6=CC=CC=C6)=C(P(C7=CC=CC=C7)C8=CC=CC=C8)C=C2)=CC=C1,L1.15,2,O=C1C=CCCC1,0,OB(O)c1ccccc1,7,1.0,100.0,-14.255757833854181
457,N=C(N)NCC1=CC=C(C(C2=C(C=CC(CNC(N)=N)=C3)C3=CC=C2P(C4=CC=CC=C4)C5=CC=CC=C5)=C(P(C6=CC=CC=C6)C7=CC=CC=C7)C=C8)C8=C1,L1.14,2,O=C1C=CCCC1,0,COc1ccc(B(O)O)cc1,10,1.5,100.0,-12.982147179797291
458,N=C(N)NCC1=CC=C(C(C2=C(C=CC(CNC(N)=N)=C3)C3=CC=C2P(C4=CC=CC=C4)C5=CC=CC=C5)=C(P(C6=CC=CC=C6)C7=CC=CC=C7)C=C8)C8=C1,L1.14,2,O=C1C=CCCC1,0,OB(O)c1ccc(Br)cc1,23,4.0,100.0,-9.85949600140811
459,N=C(N)NCC1=CC=C(C(C2=C(C=CC(CNC(N)=N)=C3)C3=CC=C2P(C4=CC=CC=C4)C5=CC=CC=C5)=C(P(C6=CC=CC=C6)C7=CC=CC=C7)C=C8)C8=C1,L1.14,2,CCCCC/C=C/C(C)=O,19,OB(O)c1ccccc1,7,9.5,100.0,-6.992920050439323
460,N=C(N)NCC1=CC=C(C(C2=C(C=CC(CNC(N)=N)=C3)C3=CC=C2P(C4=CC=CC=C4)C5=CC=CC=C5)=C(P(C6=CC=CC=C6)C7=CC=CC=C7)C=C8)C8=C1,L1.14,2,O=C1C=CCCC1,0,OB(O)c1ccccc1,7,48.0,100.0,-0.2483220229667121
461,N=C(N)NCC1=CC=C(C(C2=C(C=CC(CNC(N)=N)=C3)C3=CC=C2P(C4=CC=CC=C4)C5=CC=CC=C5)=C(P(C6=CC=CC=C6)C7=CC=CC=C7)C=C8)C8=C1,L1.14,2,O=C1C=CCCCC1,15,OB(O)c1ccccc1,7,5.5,100.0,-8.822677770172534
462,[C@H]1(C2=CC(C3=CC=CC=C3)=CC(C4=CC=CC=C4)=C2)C(CP(C5=CC=CC=C5)C6=CC=CC=C6)([C@H]1C7=CC(C8=CC=CC=C8)=CC(C9=CC=CC=C9)=C7)CP(C%10=CC=CC=C%10)C%11=CC=CC=C%11,L1.104,0,O=C1C=CCCC1,0,COc1ccc(B(O)O)cc1,10,85.5,50.0,4.767138942868287
463,[C@H]1(C2=CC(C3=CC=CC=C3)=CC(C4=CC=CC=C4)=C2)C(CP(C5=CC=CC=C5)C6=CC=CC=C6)([C@H]1C7=CC(C8=CC=CC=C8)=CC(C9=CC=CC=C9)=C7)CP(C%10=CC=CC=C%10)C%11=CC=CC=C%11,L1.104,0,O=C1C=CCCC1,0,Cc1ccccc1B(O)O,6,18.5,50.0,-3.9838796890885866
464,[C@H]1(C2=CC(C3=CC=CC=C3)=CC(C4=CC=CC=C4)=C2)C(CP(C5=CC=CC=C5)C6=CC=CC=C6)([C@H]1C7=CC(C8=CC=CC=C8)=CC(C9=CC=CC=C9)=C7)CP(C%10=CC=CC=C%10)C%11=CC=CC=C%11,L1.104,0,O=C1C=CCCC1,0,OB(O)c1ccc(C(F)(F)F)cc1,9,94.5,50.0,7.640488600914524
465,[C@H]1(C2=CC(C3=CC=CC=C3)=CC(C4=CC=CC=C4)=C2)C(CP(C5=CC=CC=C5)C6=CC=CC=C6)([C@H]1C7=CC(C8=CC=CC=C8)=CC(C9=CC=CC=C9)=C7)CP(C%10=CC=CC=C%10)C%11=CC=CC=C%11,L1.104,0,O=C1C=CCCC1,0,OB(O)c1ccc2ccccc2c1,11,91.5,50.0,6.3842587285334185
466,[C@H]1(C2=CC(C3=CC=CC=C3)=CC(C4=CC=CC=C4)=C2)C(CP(C5=CC=CC=C5)C6=CC=CC=C6)([C@H]1C7=CC(C8=CC=CC=C8)=CC(C9=CC=CC=C9)=C7)CP(C%10=CC=CC=C%10)C%11=CC=CC=C%11,L1.104,0,O=C1C=CCC1,6,OB(O)c1ccccc1,7,52.5,50.0,0.26889113552617583
467,[C@H]1(C2=CC(C3=CC=CC=C3)=CC(C4=CC=CC=C4)=C2)C(CP(C5=CC=CC=C5)C6=CC=CC=C6)([C@H]1C7=CC(C8=CC=CC=C8)=CC(C9=CC=CC=C9)=C7)CP(C%10=CC=CC=C%10)C%11=CC=CC=C%11,L1.104,0,O=C1C=CCCC1,0,OB(O)c1ccccc1,7,91.5,50.0,6.3842587285334185
468,[C@H]1(C2=CC(C3=CC=CC=C3)=CC(C4=CC=CC=C4)=C2)C(CP(C5=CC=CC=C5)C6=CC=CC=C6)([C@H]1C7=CC(C8=CC=CC=C8)=CC(C9=CC=CC=C9)=C7)CP(C%10=CC=CC=C%10)C%11=CC=CC=C%11,L1.104,0,O=C1C=CCCCC1,15,OB(O)c1ccccc1,7,76.5,50.0,3.1710495309197637
469,[C@H]1(C2=CC=CC=C2)C(CP(C3=CC=CC=C3)C4=CC=CC=C4)([C@H]1C5=CC=CC=C5)CP(C6=CC=CC=C6)C7=CC=CC=C7,L1.103,0,O=C1C=CCCC1,0,COc1ccc(B(O)O)cc1,10,85.5,50.0,4.767138942868287
470,[C@H]1(C2=CC=CC=C2)C(CP(C3=CC=CC=C3)C4=CC=CC=C4)([C@H]1C5=CC=CC=C5)CP(C6=CC=CC=C6)C7=CC=CC=C7,L1.103,0,O=C1C=CCCC1,0,Cc1ccccc1B(O)O,6,18.5,50.0,-3.9838796890885866
471,[C@H]1(C2=CC=CC=C2)C(CP(C3=CC=CC=C3)C4=CC=CC=C4)([C@H]1C5=CC=CC=C5)CP(C6=CC=CC=C6)C7=CC=CC=C7,L1.103,0,O=C1C=CCCC1,0,OB(O)c1ccc(C(F)(F)F)cc1,9,94.5,50.0,7.640488600914524
472,[C@H]1(C2=CC=CC=C2)C(CP(C3=CC=CC=C3)C4=CC=CC=C4)([C@H]1C5=CC=CC=C5)CP(C6=CC=CC=C6)C7=CC=CC=C7,L1.103,0,O=C1C=CCCC1,0,OB(O)c1ccc2ccccc2c1,11,91.5,50.0,6.3842587285334185
473,[C@H]1(C2=CC=CC=C2)C(CP(C3=CC=CC=C3)C4=CC=CC=C4)([C@H]1C5=CC=CC=C5)CP(C6=CC=CC=C6)C7=CC=CC=C7,L1.103,0,O=C1C=CCC1,6,OB(O)c1ccccc1,7,52.5,50.0,0.26889113552617583
474,[C@H]1(C2=CC=CC=C2)C(CP(C3=CC=CC=C3)C4=CC=CC=C4)([C@H]1C5=CC=CC=C5)CP(C6=CC=CC=C6)C7=CC=CC=C7,L1.103,0,O=C1C=CCCC1,0,OB(O)c1ccccc1,7,91.5,50.0,6.3842587285334185
475,[C@H]1(C2=CC=CC=C2)C(CP(C3=CC=CC=C3)C4=CC=CC=C4)([C@H]1C5=CC=CC=C5)CP(C6=CC=CC=C6)C7=CC=CC=C7,L1.103,0,O=C1C=CCCCC1,15,OB(O)c1ccccc1,7,83.5,50.0,4.356397006502949
476,[C@H]1(P(C2=CC=CC=C2)C3=CC=CC=C3)C[C@H]4[C@@H](P(C5=CC=CC=C5)C6=CC=CC=C6)C[C@@H]1C4,L1.67,0,O=C1C=CCCC1,0,COc1ccc(B(O)O)cc1,10,10.5,50.0,-5.757164796642761
477,[C@H]1(P(C2=CC=CC=C2)C3=CC=CC=C3)C[C@H]4[C@@H](P(C5=CC=CC=C5)C6=CC=CC=C6)C[C@@H]1C4,L1.67,0,O=C1C=CCCC1,0,Cc1ccccc1B(O)O,6,11.0,50.0,-5.617129501232063
478,[C@H]1(P(C2=CC=CC=C2)C3=CC=CC=C3)C[C@H]4[C@@H](P(C5=CC=CC=C5)C6=CC=CC=C6)C[C@@H]1C4,L1.67,0,O=C1C=CCCC1,0,OB(O)c1ccc(C(F)(F)F)cc1,9,4.0,50.0,-8.538379024132468
479,[C@H]1(P(C2=CC=CC=C2)C3=CC=CC=C3)C[C@H]4[C@@H](P(C5=CC=CC=C5)C6=CC=CC=C6)C[C@@H]1C4,L1.67,0,O=C1C=CCCC1,0,OB(O)c1cccc2ccccc12,24,2.5,50.0,-9.842777870601655
480,[C@H]1(P(C2=CC=CC=C2)C3=CC=CC=C3)C[C@H]4[C@@H](P(C5=CC=CC=C5)C6=CC=CC=C6)C[C@@H]1C4,L1.67,0,O=C1C=CCCCC1,15,OB(O)c1cccc2ccccc12,24,2.5,50.0,-9.842777870601655
481,[C@H]1(P(C2=CC=CC=C2)C3=CC=CC=C3)C[C@H]4[C@@H](P(C5=CC=CC=C5)C6=CC=CC=C6)C[C@@H]1C4,L1.67,0,CCCCC/C=C/C(C)=O,19,OB(O)c1ccccc1,7,34.5,50.0,-1.7223988926367821
482,[C@H]1(P(C2=CC=CC=C2)C3=CC=CC=C3)C[C@H]4[C@@H](P(C5=CC=CC=C5)C6=CC=CC=C6)C[C@@H]1C4,L1.67,0,O=C1C=CCC1,6,OB(O)c1ccccc1,7,8.5,50.0,-6.3842587285334185
483,[C@H]1(P(C2=CC=CC=C2)C3=CC=CC=C3)C[C@H]4[C@@H](P(C5=CC=CC=C5)C6=CC=CC=C6)C[C@@H]1C4,L1.67,0,O=C1C=CCCC1,0,OB(O)c1ccccc1,7,7.5,100.0,-7.794099337579717
484,[C@H]1(P(C2=CC=CC=C2)C3=CC=CC=C3)C[C@H]4[C@@H](P(C5=CC=CC=C5)C6=CC=CC=C6)C[C@@H]1C4,L1.67,0,O=C1C=CCCCC1,15,OB(O)c1ccccc1,7,7.0,50.0,-6.949578332087209
