,index,Ligand,ligand_id,Confg,substrate,substrate_id,boron reagent,boronreagent_id,%top,temp,ddG,category,fold
0,0,C1(CCCC2)=C2C=CC(P(C3=CC=CC=C3)C4=CC=CC=C4)=C1C5=C6CCCCC6=CC=C5P(C7=CC=CC=C7)C8=CC=CC=C8,L1.21,2,CC1=CC(=O)N(Cc2ccccc2)C1=O,175,COc1ccc(B(O)O)cc1,10,5,50,-7.910733222,0,8
1,1,C1(CCCC2)=C2C=CC(P(C3=CC=CC=C3)C4=CC=CC=C4)=C1C5=C6CCCCC6=CC=C5P(C7=CC=CC=C7)C8=CC=CC=C8,L1.21,2,O=C1C=CCCC1,0,COc1ccc([B-](OC(C)C)(OC(C)C)OC(C)C)cc1.[Li+],52,2.5,60,-10.14736639,0,1
2,2,C1(CCCC2)=C2C=CC(P(C3=CC=CC=C3)C4=CC=CC=C4)=C1C5=C6CCCCC6=CC=C5P(C7=CC=CC=C7)C8=CC=CC=C8,L1.21,2,CC(C)C1=CC(=O)N(Cc2ccccc2)C1,184,Cc1ccc(B(O)O)cc1,12,1,50,-12.34556651,0,4
3,3,C1(CCCC2)=C2C=CC(P(C3=CC=CC=C3)C4=CC=CC=C4)=C1C5=C6CCCCC6=CC=C5P(C7=CC=CC=C7)C8=CC=CC=C8,L1.21,2,CCC1=CC(=O)N(Cc2ccccc2)C1=O,183,Cc1ccccc1B(O)O,6,5,50,-7.910733222,0,0
4,4,C1(CCCC2)=C2C=CC(P(C3=CC=CC=C3)C4=CC=CC=C4)=C1C5=C6CCCCC6=CC=C5P(C7=CC=CC=C7)C8=CC=CC=C8,L1.21,2,O=C1C=CCCN1,176,Fc1ccc(B2OB(c3ccc(F)cc3)OB(c3ccc(F)cc3)O2)cc1,28,1,40,-11.96352825,0,3
5,5,C1(CCCC2)=C2C=CC(P(C3=CC=CC=C3)C4=CC=CC=C4)=C1C5=C6CCCCC6=CC=C5P(C7=CC=CC=C7)C8=CC=CC=C8,L1.21,2,O=C1C=CCCN1Cc1ccccc1,177,Fc1ccc(B2OB(c3ccc(F)cc3)OB(c3ccc(F)cc3)O2)cc1,28,2,40,-10.1324674,0,7
6,6,C1(CCCC2)=C2C=CC(P(C3=CC=CC=C3)C4=CC=CC=C4)=C1C5=C6CCCCC6=CC=C5P(C7=CC=CC=C7)C8=CC=CC=C8,L1.21,2,CC1=CC(=O)N(Cc2ccccc2)C1=O,175,OB(O)c1ccc(F)cc1,21,2,50,-10.45603334,0,6
7,7,C1(CCCC2)=C2C=CC(P(C3=CC=CC=C3)C4=CC=CC=C4)=C1C5=C6CCCCC6=CC=C5P(C7=CC=CC=C7)C8=CC=CC=C8,L1.21,2,CCC1=CC(=O)N(Cc2ccccc2)C1=O,183,OB(O)c1ccc2ccccc2c1,11,2,50,-10.45603334,0,4
8,8,C1(CCCC2)=C2C=CC(P(C3=CC=CC=C3)C4=CC=CC=C4)=C1C5=C6CCCCC6=CC=C5P(C7=CC=CC=C7)C8=CC=CC=C8,L1.21,2,CCC1=CC(=O)N(Cc2ccccc2)C1=O,183,OB(O)c1cccc(Cl)c1,8,1.5,50,-11.24261252,0,2
9,9,C1(CCCC2)=C2C=CC(P(C3=CC=CC=C3)C4=CC=CC=C4)=C1C5=C6CCCCC6=CC=C5P(C7=CC=CC=C7)C8=CC=CC=C8,L1.21,2,CC(C)C1=CC(=O)N(Cc2ccccc2)C1,184,OB(O)c1ccccc1,7,1,50,-12.34556651,0,1
10,10,C1(CCCC2)=C2C=CC(P(C3=CC=CC=C3)C4=CC=CC=C4)=C1C5=C6CCCCC6=CC=C5P(C7=CC=CC=C7)C8=CC=CC=C8,L1.21,2,CC1=CC(=O)N(Cc2ccccc2)C1=O,175,OB(O)c1ccccc1,7,2,50,-10.45603334,0,7
11,11,C1(CCCC2)=C2C=CC(P(C3=CC=CC=C3)C4=CC=CC=C4)=C1C5=C6CCCCC6=CC=C5P(C7=CC=CC=C7)C8=CC=CC=C8,L1.21,2,CCC1=CC(=O)N(Cc2ccccc2)C1=O,183,OB(O)c1ccccc1,7,1.5,50,-11.24261252,0,5
12,12,C1(P2OC(C=CC3=C4C=CC=C3)=C4C(C(C=CC=C5)=C5C=C6)=C6O2)=CC=CC=C1OC7=C(P8OC9=CC=C%10C(C=CC=C%10)=C9C%11=C%12C(C=CC=C%12)=CC=C%11O8)C=CC=C7,L1.96,2,O=C1C=CCCC1,0,OB(O)c1ccccc1,7,1.5,100,-12.98214718,0,7
13,13,C1(P2OC(C=CC3=C4C=CC=C3)=C4C(C(C=CC=C5)=C5C=C6)=C6O2)=CC=CC=C1OC7=C(P8OC9=CC=C%10C(C=CC=C%10)=C9C%11=C%12C(C=CC=C%12)=CC=C%11O8)C=CC=C7,L1.96,2,O=C1C=CCCCC1,15,OB(O)c1ccccc1,7,2,100,-12.07386304,0,4
14,14,C1(P2OC(C=CC3=C4C=CC=C3)=C4C(C(C=CC=C5)=C5C=C6)=C6O2)=CC=CC=C1P7OC8=CC=C9C(C=CC=C9)=C8C%10=C%11C(C=CC=C%11)=CC=C%10O7,L1.95,2,O=C1C=CCCCC1,15,OB(O)c1ccccc1,7,7.5,100,-7.794099338,0,5
15,15,C12=CC=C3C(C(C4=C(C=C(OCCCCCCCCO2)C=C5)C5=CC=C4P(C6=CC=CC=C6)C7=CC=CC=C7)=C(P(C8=CC=CC=C8)C9=CC=CC=C9)C=C3)=C1,L1.11,2,CC(=O)OC1CCCC=C1[N+](=O)[O-],209,OB(O)c1ccccc1,7,1.5,50,-11.24261252,0,4
16,16,C12=CC=C3C(C(C4=C(C=C(OCCCCCCCCO2)C=C5)C5=CC=C4P(C6=CC=CC=C6)C7=CC=CC=C7)=C(P(C8=CC=CC=C8)C9=CC=CC=C9)C=C3)=C1,L1.11,2,O=C1C=CCCC1,0,OB(O)c1ccccc1,7,4,100,-9.859496001,0,3
17,17,C12=CC=C3C(C(C4=C(C=C(OCCCCCCO2)C=C5)C5=CC=C4P(C6=CC=CC=C6)C7=CC=CC=C7)=C(P(C8=CC=CC=C8)C9=CC=CC=C9)C=C3)=C1,L1.10,2,CC(=O)OC1CCCC=C1[N+](=O)[O-],209,OB(O)c1ccccc1,7,7,50,-6.949578332,0,3
18,18,C12=CC=C3C(C(C4=C(C=C(OCCCCCCO2)C=C5)C5=CC=C4P(C6=CC=CC=C6)C7=CC=CC=C7)=C(P(C8=CC=CC=C8)C9=CC=CC=C9)C=C3)=C1,L1.10,2,O=C1C=CCCC1,0,OB(O)c1ccccc1,7,4.5,100,-9.477889153,0,2
19,19,C12=CC=C3C(C(C4=C(C=C(OCCOCCO2)C=C5)C5=CC=C4P(C6=CC=CC=C6)C7=CC=CC=C7)=C(P(C8=CC=CC=C8)C9=CC=CC=C9)C=C3)=C1,L1.12,2,O=C1C=CCCC1,0,CC(C)(C)c1ccc(B(O)O)cc1,20,0.5,100,-16.42178533,0,9
20,20,C12=CC=C3C(C(C4=C(C=C(OCCOCCO2)C=C5)C5=CC=C4P(C6=CC=CC=C6)C7=CC=CC=C7)=C(P(C8=CC=CC=C8)C9=CC=CC=C9)C=C3)=C1,L1.12,2,O=C1C=CCCC1,0,COc1ccc(B(O)O)cc1,10,2,100,-12.07386304,0,5
21,21,C12=CC=C3C(C(C4=C(C=C(OCCOCCO2)C=C5)C5=CC=C4P(C6=CC=CC=C6)C7=CC=CC=C7)=C(P(C8=CC=CC=C8)C9=CC=CC=C9)C=C3)=C1,L1.12,2,O=C1C=CCCC1,0,COc1cccc(B(O)O)c1,18,2,100,-12.07386304,0,5
22,22,C12=CC=C3C(C(C4=C(C=C(OCCOCCO2)C=C5)C5=CC=C4P(C6=CC=CC=C6)C7=CC=CC=C7)=C(P(C8=CC=CC=C8)C9=CC=CC=C9)C=C3)=C1,L1.12,2,O=C1C=CCCC1,0,Cc1ccc(B(O)O)cc1,12,3,100,-10.78414116,0,8
23,23,C12=CC=C3C(C(C4=C(C=C(OCCOCCO2)C=C5)C5=CC=C4P(C6=CC=CC=C6)C7=CC=CC=C7)=C(P(C8=CC=CC=C8)C9=CC=CC=C9)C=C3)=C1,L1.12,2,O=C1C=CCCC1,0,OB(O)c1ccc(C(F)(F)F)cc1,9,0.5,100,-16.42178533,0,3
24,24,C12=CC=C3C(C(C4=C(C=C(OCCOCCO2)C=C5)C5=CC=C4P(C6=CC=CC=C6)C7=CC=CC=C7)=C(P(C8=CC=CC=C8)C9=CC=CC=C9)C=C3)=C1,L1.12,2,O=C1C=CCCC1,0,OB(O)c1ccc(Cl)cc1,22,1,100,-14.25575783,0,0
25,25,C12=CC=C3C(C(C4=C(C=C(OCCOCCO2)C=C5)C5=CC=C4P(C6=CC=CC=C6)C7=CC=CC=C7)=C(P(C8=CC=CC=C8)C9=CC=CC=C9)C=C3)=C1,L1.12,2,CC(=O)/C=C/C(C)C,12,OB(O)c1ccccc1,7,1.5,100,-12.98214718,0,4
26,26,C12=CC=C3C(C(C4=C(C=C(OCCOCCO2)C=C5)C5=CC=C4P(C6=CC=CC=C6)C7=CC=CC=C7)=C(P(C8=CC=CC=C8)C9=CC=CC=C9)C=C3)=C1,L1.12,2,CC(=O)OC1CCCC=C1[N+](=O)[O-],209,OB(O)c1ccccc1,7,11.5,50,-5.48256612,0,9
27,27,C12=CC=C3C(C(C4=C(C=C(OCCOCCO2)C=C5)C5=CC=C4P(C6=CC=CC=C6)C7=CC=CC=C7)=C(P(C8=CC=CC=C8)C9=CC=CC=C9)C=C3)=C1,L1.12,2,O=C1C=CCC1,6,OB(O)c1ccccc1,7,5,100,-9.134736506,0,0
28,28,C12=CC=C3C(C(C4=C(C=C(OCCOCCO2)C=C5)C5=CC=C4P(C6=CC=CC=C6)C7=CC=CC=C7)=C(P(C8=CC=CC=C8)C9=CC=CC=C9)C=C3)=C1,L1.12,2,O=C1C=CCCC1,0,OB(O)c1ccccc1,7,4,100,-9.859496001,0,2
29,29,C12=CC=C3C(C(C4=C(C=C(OCCOCCO2)C=C5)C5=CC=C4P(C6=CC=CC=C6)C7=CC=CC=C7)=C(P(C8=CC=CC=C8)C9=CC=CC=C9)C=C3)=C1,L1.12,2,O=C1C=CCCCC1,15,OB(O)c1ccccc1,7,5,100,-9.134736506,0,7
30,30,C12=CC=C3C(C(C4=C(C=C(OCCOCCOCCO2)C=C5)C5=CC=C4P(C6=CC=CC=C6)C7=CC=CC=C7)=C(P(C8=CC=CC=C8)C9=CC=CC=C9)C=C3)=C1,L1.13,2,CC(=O)OC1CCCC=C1[N+](=O)[O-],209,OB(O)c1ccccc1,7,5,50,-7.910733222,0,8
31,31,C12=CC=C3C(C(C4=C(C=C(OCCOCCOCCO2)C=C5)C5=CC=C4P(C6=CC=CC=C6)C7=CC=CC=C7)=C(P(C8=CC=CC=C8)C9=CC=CC=C9)C=C3)=C1,L1.13,2,O=C1C=CCCC1,0,OB(O)c1ccccc1,7,2,100,-12.07386304,0,1
32,32,C12=CC=CC=C1C=CC(P(C3=CC=CC=C3)C4=CC=CC=C4)=C2C5=C(C=CC=C6)C6=CC=C5P(C7=CC=CC=C7)C8=CC=CC=C8,L1.18,1,O=C1C=CCCC1,0,C(=C/c1ccccc1)\B1Oc2ccccc2O1,102,96,100,9.859496001,1,7
33,33,C12=CC=CC=C1C=CC(P(C3=CC=CC=C3)C4=CC=CC=C4)=C2C5=C(C=CC=C6)C6=CC=C5P(C7=CC=CC=C7)C8=CC=CC=C8,L1.18,1,O=C1C=CCC1,6,C/C=C(\C)B1Oc2ccccc2O1,92,97.5,100,11.365720446897749,1,1
34,34,C12=CC=CC=C1C=CC(P(C3=CC=CC=C3)C4=CC=CC=C4)=C2C5=C(C=CC=C6)C6=CC=C5P(C7=CC=CC=C7)C8=CC=CC=C8,L1.18,1,O=C1C=CCCC1,0,C/C=C(\C)B1Oc2ccccc2O1,92,99.5,100,16.42178532510618,1,2
35,35,C12=CC=CC=C1C=CC(P(C3=CC=CC=C3)C4=CC=CC=C4)=C2C5=C(C=CC=C6)C6=CC=C5P(C7=CC=CC=C7)C8=CC=CC=C8,L1.18,1,COc1ccc2c(c1)C(=O)C=CC21OCCO1,84,C=C(C)[B-](F)(F)F.[K+],90,98,110,12.397428975196114,1,0
36,36,C12=CC=CC=C1C=CC(P(C3=CC=CC=C3)C4=CC=CC=C4)=C2C5=C(C=CC=C6)C6=CC=C5P(C7=CC=CC=C7)C8=CC=CC=C8,L1.18,1,O=C1C=CCCC1,0,C=C(C)[B-](F)(F)F.[K+],90,95,36,7.568012302742962,1,8
37,37,C12=CC=CC=C1C=CC(P(C3=CC=CC=C3)C4=CC=CC=C4)=C2C5=C(C=CC=C6)C6=CC=C5P(C7=CC=CC=C7)C8=CC=CC=C8,L1.1,2,O=C1C=CCCC1,0,C=C[B-](F)(F)F.[K+],97,4,110,-10.1237194,0,0
38,38,C12=CC=CC=C1C=CC(P(C3=CC=CC=C3)C4=CC=CC=C4)=C2C5=C(C=CC=C6)C6=CC=C5P(C7=CC=CC=C7)C8=CC=CC=C8,L1.18,1,O=C1C=CCCC1,0,CC(C)(C)/C=C/B(O)O,99,95.5,100,9.477889153,1,4
39,39,C12=CC=CC=C1C=CC(P(C3=CC=CC=C3)C4=CC=CC=C4)=C2C5=C(C=CC=C6)C6=CC=C5P(C7=CC=CC=C7)C8=CC=CC=C8,L1.18,1,O=C1C=CCO1,109,CC(C)(C)/C=C/B1OC(C)(C)C(C)(C)O1,120,93,65,7.272164360189665,1,6
40,40,C12=CC=CC=C1C=CC(P(C3=CC=CC=C3)C4=CC=CC=C4)=C2C5=C(C=CC=C6)C6=CC=C5P(C7=CC=CC=C7)C8=CC=CC=C8,L1.18,1,O=C1C=CCCC1,0,CC(C)(C)/C=C/B1Oc2ccccc2O1,100,96,100,9.859496001,1,4
41,41,C12=CC=CC=C1C=CC(P(C3=CC=CC=C3)C4=CC=CC=C4)=C2C5=C(C=CC=C6)C6=CC=C5P(C7=CC=CC=C7)C8=CC=CC=C8,L1.1,2,CC(C)(C)OC(=O)/C=C1/C(=O)N(Cc2ccccc2)c2ccccc21,190,CC(C)(C)c1ccc(B(O)O)cc1,20,7,40,-6.73452098,0,7
42,42,C12=CC=CC=C1C=CC(P(C3=CC=CC=C3)C4=CC=CC=C4)=C2C5=C(C=CC=C6)C6=CC=C5P(C7=CC=CC=C7)C8=CC=CC=C8,L1.18,1,O=C1C=CCO1,109,CC1(C)OB(/C=C/c2ccccc2)OC1(C)C,121,86.5,65,5.222009403,1,2
43,43,C12=CC=CC=C1C=CC(P(C3=CC=CC=C3)C4=CC=CC=C4)=C2C5=C(C=CC=C6)C6=CC=C5P(C7=CC=CC=C7)C8=CC=CC=C8,L1.18,1,C/C=C/C(=O)NCc1ccccc1,160,CC1(C)OB(c2ccccc2)OC1(C)C,0,95.5,100,9.477889153,1,7
44,44,C12=CC=CC=C1C=CC(P(C3=CC=CC=C3)C4=CC=CC=C4)=C2C5=C(C=CC=C6)C6=CC=C5P(C7=CC=CC=C7)C8=CC=CC=C8,L1.18,1,C/C=C/C(=O)OCc1ccccc1,100,CC1(C)OB(c2ccccc2)OC1(C)C,0,93.5,100,8.271410102019884,1,7
45,45,C12=CC=CC=C1C=CC(P(C3=CC=CC=C3)C4=CC=CC=C4)=C2C5=C(C=CC=C6)C6=CC=C5P(C7=CC=CC=C7)C8=CC=CC=C8,L1.18,1,O=C1C=CCC1,6,CC12CO[B-](c3ccsc3)(OC1)OC2.[Li+],81,94,95,8.421896809777015,1,2
46,46,C12=CC=CC=C1C=CC(P(C3=CC=CC=C3)C4=CC=CC=C4)=C2C5=C(C=CC=C6)C6=CC=C5P(C7=CC=CC=C7)C8=CC=CC=C8,L1.18,1,O=C1C=CCCC1,0,CC12CO[B-](c3ccsc3)(OC1)OC2.[Li+],81,95,95,9.012336177,1,2
47,47,C12=CC=CC=C1C=CC(P(C3=CC=CC=C3)C4=CC=CC=C4)=C2C5=C(C=CC=C6)C6=CC=C5P(C7=CC=CC=C7)C8=CC=CC=C8,L1.18,1,O=C1C=CCO1,109,CCCC/C=C/B1OC(C)(C)C(C)(C)O1,119,91,65,6.504504884928405,1,8
48,48,C12=CC=CC=C1C=CC(P(C3=CC=CC=C3)C4=CC=CC=C4)=C2C5=C(C=CC=C6)C6=CC=C5P(C7=CC=CC=C7)C8=CC=CC=C8,L1.18,1,O=C1C=CCC1,6,CCCCC/C=C/B(O)O,95,98,100,12.073863035611195,1,6
49,49,C12=CC=CC=C1C=CC(P(C3=CC=CC=C3)C4=CC=CC=C4)=C2C5=C(C=CC=C6)C6=CC=C5P(C7=CC=CC=C7)C8=CC=CC=C8,L1.18,1,O=C1C=CCCC1,0,CCCCC/C=C/B(O)O,95,97,100,10.784141163895436,1,8
50,50,C12=CC=CC=C1C=CC(P(C3=CC=CC=C3)C4=CC=CC=C4)=C2C5=C(C=CC=C6)C6=CC=C5P(C7=CC=CC=C7)C8=CC=CC=C8,L1.18,1,O=[N+]([O-])C1=CCCCC1,208,CCCCC/C=C/B(O)O,95,91.5,100,7.372075335145428,1,2
51,51,C12=CC=CC=C1C=CC(P(C3=CC=CC=C3)C4=CC=CC=C4)=C2C5=C(C=CC=C6)C6=CC=C5P(C7=CC=CC=C7)C8=CC=CC=C8,L1.18,1,CC(=O)/C=C/C(C)C,12,CCCCC/C=C/B1Oc2ccccc2O1,96,90.5,100,6.992920050439323,1,7
52,52,C12=CC=CC=C1C=CC(P(C3=CC=CC=C3)C4=CC=CC=C4)=C2C5=C(C=CC=C6)C6=CC=C5P(C7=CC=CC=C7)C8=CC=CC=C8,L1.18,1,O=C1C=CCC1,6,CCCCC/C=C/B1Oc2ccccc2O1,96,99,100,14.25575783385418,1,6
53,53,C12=CC=CC=C1C=CC(P(C3=CC=CC=C3)C4=CC=CC=C4)=C2C5=C(C=CC=C6)C6=CC=C5P(C7=CC=CC=C7)C8=CC=CC=C8,L1.18,1,O=C1C=CCCC1,0,CCCCC/C=C/B1Oc2ccccc2O1,96,98,100,12.073863035611195,1,5
54,54,C12=CC=CC=C1C=CC(P(C3=CC=CC=C3)C4=CC=CC=C4)=C2C5=C(C=CC=C6)C6=CC=C5P(C7=CC=CC=C7)C8=CC=CC=C8,L1.18,1,O=C1C=CCCC1,0,COC/C=C/B1Oc2ccccc2O1,98,97,100,10.784141163895436,1,1
55,55,C12=CC=CC=C1C=CC(P(C3=CC=CC=C3)C4=CC=CC=C4)=C2C5=C(C=CC=C6)C6=CC=C5P(C7=CC=CC=C7)C8=CC=CC=C8,L1.18,1,CCC/C=C/C(=O)OC(C)C,113,CO[B-](OC)(OC)c1ccc(C(F)(F)F)cc1.[Li+],114,98,100,12.073863035611195,1,2
56,56,C12=CC=CC=C1C=CC(P(C3=CC=CC=C3)C4=CC=CC=C4)=C2C5=C(C=CC=C6)C6=CC=C5P(C7=CC=CC=C7)C8=CC=CC=C8,L1.18,1,CCC/C=C/C(=O)OC(C)C,113,CO[B-](OC)(OC)c1ccc(C)cc1.[Li+],48,97,100,10.784141163895436,1,1
57,57,C12=CC=CC=C1C=CC(P(C3=CC=CC=C3)C4=CC=CC=C4)=C2C5=C(C=CC=C6)C6=CC=C5P(C7=CC=CC=C7)C8=CC=CC=C8,L1.18,1,CCC/C=C/C(=O)OC(C)C,113,CO[B-](OC)(OC)c1ccc(Cl)cc1.[Li+],115,98.5,100,12.982147179797291,1,7
58,58,C12=CC=CC=C1C=CC(P(C3=CC=CC=C3)C4=CC=CC=C4)=C2C5=C(C=CC=C6)C6=CC=C5P(C7=CC=CC=C7)C8=CC=CC=C8,L1.18,1,CCC/C=C/C(=O)OC(C)C,113,CO[B-](OC)(OC)c1ccc2ccccc2c1.[Li+],66,96.5,100,10.28987590712608,1,6
59,59,C12=CC=CC=C1C=CC(P(C3=CC=CC=C3)C4=CC=CC=C4)=C2C5=C(C=CC=C6)C6=CC=C5P(C7=CC=CC=C7)C8=CC=CC=C8,L1.18,1,O=C1C=CCCC1,0,CO[B-](OC)(OC)c1ccc2ccccc2c1.[Li+],66,99.5,100,16.42178532510618,1,9
60,60,C12=CC=CC=C1C=CC(P(C3=CC=CC=C3)C4=CC=CC=C4)=C2C5=C(C=CC=C6)C6=CC=C5P(C7=CC=CC=C7)C8=CC=CC=C8,L1.18,1,CC(=O)/C=C/C(C)C,12,CO[B-](OC)(OC)c1ccccc1.[Li+],67,98.5,100,12.982147179797291,1,6
61,61,C12=CC=CC=C1C=CC(P(C3=CC=CC=C3)C4=CC=CC=C4)=C2C5=C(C=CC=C6)C6=CC=C5P(C7=CC=CC=C7)C8=CC=CC=C8,L1.18,1,CCC/C=C/C(=O)OC,111,CO[B-](OC)(OC)c1ccccc1.[Li+],67,94.5,100,8.822677770172534,1,6
62,62,C12=CC=CC=C1C=CC(P(C3=CC=CC=C3)C4=CC=CC=C4)=C2C5=C(C=CC=C6)C6=CC=C5P(C7=CC=CC=C7)C8=CC=CC=C8,L1.18,1,CCC/C=C/C(=O)OC(C)(C)C,115,CO[B-](OC)(OC)c1ccccc1.[Li+],67,98,100,12.073863035611195,1,8
63,63,C12=CC=CC=C1C=CC(P(C3=CC=CC=C3)C4=CC=CC=C4)=C2C5=C(C=CC=C6)C6=CC=C5P(C7=CC=CC=C7)C8=CC=CC=C8,L1.18,1,CCC/C=C/C(=O)OC(C)C,113,CO[B-](OC)(OC)c1ccccc1.[Li+],67,99,100,14.25575783385418,1,0
64,64,C12=CC=CC=C1C=CC(P(C3=CC=CC=C3)C4=CC=CC=C4)=C2C5=C(C=CC=C6)C6=CC=C5P(C7=CC=CC=C7)C8=CC=CC=C8,L1.18,1,CCC/C=C/C(=O)OCC,112,CO[B-](OC)(OC)c1ccccc1.[Li+],67,95.5,100,9.477889153,1,6
65,65,C12=CC=CC=C1C=CC(P(C3=CC=CC=C3)C4=CC=CC=C4)=C2C5=C(C=CC=C6)C6=CC=C5P(C7=CC=CC=C7)C8=CC=CC=C8,L1.18,1,CCCC/C=C/C(=O)OC(C)C,116,CO[B-](OC)(OC)c1ccccc1.[Li+],67,97.5,100,11.365720446897749,1,3
66,66,C12=CC=CC=C1C=CC(P(C3=CC=CC=C3)C4=CC=CC=C4)=C2C5=C(C=CC=C6)C6=CC=C5P(C7=CC=CC=C7)C8=CC=CC=C8,L1.18,1,O=C1C=CCCO1,110,CO[B-](OC)(OC)c1ccccc1.[Li+],67,99,100,14.25575783385418,1,2
67,67,C12=CC=CC=C1C=CC(P(C3=CC=CC=C3)C4=CC=CC=C4)=C2C5=C(C=CC=C6)C6=CC=C5P(C7=CC=CC=C7)C8=CC=CC=C8,L1.18,1,CC(=O)/C=C/c1ccc2c(c1)OCO2,83,CO[C@H](C/C=C/[B-](F)(F)F)c1ccccc1.[K+],105,87,80,5.581384298288408,1,4
68,68,C12=CC=CC=C1C=CC(P(C3=CC=CC=C3)C4=CC=CC=C4)=C2C5=C(C=CC=C6)C6=CC=C5P(C7=CC=CC=C7)C8=CC=CC=C8,L1.18,1,C/C=C/C(=O)OC(C)C,97,COc1ccc(B(O)O)cc1,10,96,100,9.859496001,1,2
69,69,C12=CC=CC=C1C=CC(P(C3=CC=CC=C3)C4=CC=CC=C4)=C2C5=C(C=CC=C6)C6=CC=C5P(C7=CC=CC=C7)C8=CC=CC=C8,L1.1,2,C/C=C/S(=O)(=O)c1ccccn1,243,COc1ccc(B(O)O)cc1,10,13,100,-5.897475721,0,9
70,70,C12=CC=CC=C1C=CC(P(C3=CC=CC=C3)C4=CC=CC=C4)=C2C5=C(C=CC=C6)C6=CC=C5P(C7=CC=CC=C7)C8=CC=CC=C8,L1.18,1,CC(=O)OC1CCCC=C1[N+](=O)[O-],209,COc1ccc(B(O)O)cc1,10,98,50,10.456033337686607,1,0
71,71,C12=CC=CC=C1C=CC(P(C3=CC=CC=C3)C4=CC=CC=C4)=C2C5=C(C=CC=C6)C6=CC=C5P(C7=CC=CC=C7)C8=CC=CC=C8,L1.1,2,CC(C)(C)OC(=O)/C=C1/C(=O)N(Cc2ccccc2)c2ccccc21,190,COc1ccc(B(O)O)cc1,10,7,40,-6.73452098,0,6
72,72,C12=CC=CC=C1C=CC(P(C3=CC=CC=C3)C4=CC=CC=C4)=C2C5=C(C=CC=C6)C6=CC=C5P(C7=CC=CC=C7)C8=CC=CC=C8,L1.1,2,O=C/C=C/c1ccccc1,87,COc1ccc(B(O)O)cc1,10,5.5,50,-7.640488601,0,3
73,73,C12=CC=CC=C1C=CC(P(C3=CC=CC=C3)C4=CC=CC=C4)=C2C5=C(C=CC=C6)C6=CC=C5P(C7=CC=CC=C7)C8=CC=CC=C8,L1.18,1,O=C1C=CCC1,6,COc1ccc(B(O)O)cc1,10,96,100,9.859496001,1,0
74,74,C12=CC=CC=C1C=CC(P(C3=CC=CC=C3)C4=CC=CC=C4)=C2C5=C(C=CC=C6)C6=CC=C5P(C7=CC=CC=C7)C8=CC=CC=C8,L1.18,1,C/C=C/C(=O)NCc1ccccc1,160,COc1ccc([B-](F)(F)F)cc1.[K+],50,88.5,100,6.330866619,1,5
75,75,C12=CC=CC=C1C=CC(P(C3=CC=CC=C3)C4=CC=CC=C4)=C2C5=C(C=CC=C6)C6=CC=C5P(C7=CC=CC=C7)C8=CC=CC=C8,L1.1,2,O=C1C=CCCC1,0,COc1ccc([B-](F)(F)F)cc1.[K+],50,5,110,-9.379537163,0,3
76,76,C12=CC=CC=C1C=CC(P(C3=CC=CC=C3)C4=CC=CC=C4)=C2C5=C(C=CC=C6)C6=CC=C5P(C7=CC=CC=C7)C8=CC=CC=C8,L1.1,2,O=C1C=CCCCC1,15,COc1ccc([B-](F)(F)F)cc1.[K+],50,3,110,-11.07314401,0,2
77,77,C12=CC=CC=C1C=CC(P(C3=CC=CC=C3)C4=CC=CC=C4)=C2C5=C(C=CC=C6)C6=CC=C5P(C7=CC=CC=C7)C8=CC=CC=C8,L1.18,1,O=C1C=CCCC1,0,COc1ccc([B-](OC(C)C)(OC(C)C)OC(C)C)cc1.[Li+],52,96.5,60,9.186847537073708,1,5
78,78,C12=CC=CC=C1C=CC(P(C3=CC=CC=C3)C4=CC=CC=C4)=C2C5=C(C=CC=C6)C6=CC=C5P(C7=CC=CC=C7)C8=CC=CC=C8,L1.18,1,O=C1C=CCCC1,0,COc1ccc([B-](OC(C)C)(OC(C)C)OC(C)C)cc1C.[Li+],63,99.5,100,16.42178532510618,1,1
79,79,C12=CC=CC=C1C=CC(P(C3=CC=CC=C3)C4=CC=CC=C4)=C2C5=C(C=CC=C6)C6=CC=C5P(C7=CC=CC=C7)C8=CC=CC=C8,L1.18,1,O=C1C=CCCC1,0,COc1ccc([B-](OC)(OC)OC)cc1.[Li+],51,99,100,14.25575783385418,1,5
80,80,C12=CC=CC=C1C=CC(P(C3=CC=CC=C3)C4=CC=CC=C4)=C2C5=C(C=CC=C6)C6=CC=C5P(C7=CC=CC=C7)C8=CC=CC=C8,L1.18,1,O=C1C=CCC1,6,COc1ccc([B-]23OCC(C)(CO2)CO3)cn1.[Li+],82,96,95,9.727384303680545,1,4
81,81,C12=CC=CC=C1C=CC(P(C3=CC=CC=C3)C4=CC=CC=C4)=C2C5=C(C=CC=C6)C6=CC=C5P(C7=CC=CC=C7)C8=CC=CC=C8,L1.18,1,O=C1C=CCCC1,0,COc1ccc([B-]23OCC(C)(CO2)CO3)cn1.[Li+],82,98.5,95,12.808193713633589,1,8
82,82,C12=CC=CC=C1C=CC(P(C3=CC=CC=C3)C4=CC=CC=C4)=C2C5=C(C=CC=C6)C6=CC=C5P(C7=CC=CC=C7)C8=CC=CC=C8,L1.18,1,O=C1C=CCCCC1,15,COc1ccc([B-]23OCC(C)(CO2)CO3)cn1.[Li+],82,96.5,95,10.151997360869537,1,2
83,83,C12=CC=CC=C1C=CC(P(C3=CC=CC=C3)C4=CC=CC=C4)=C2C5=C(C=CC=C6)C6=CC=C5P(C7=CC=CC=C7)C8=CC=CC=C8,L1.18,1,O=C1C=CCCC1,0,COc1ccc([B-]23OCC(C)(CO2)CO3)s1.[Li+],83,95,95,9.012336177,1,9
84,84,C12=CC=CC=C1C=CC(P(C3=CC=CC=C3)C4=CC=CC=C4)=C2C5=C(C=CC=C6)C6=CC=C5P(C7=CC=CC=C7)C8=CC=CC=C8,L1.18,1,C/C=C/C(=O)OC(C)(C)C,98,COc1cccc(B(O)O)c1,18,96,100,9.859496001,1,3
85,85,C12=CC=CC=C1C=CC(P(C3=CC=CC=C3)C4=CC=CC=C4)=C2C5=C(C=CC=C6)C6=CC=C5P(C7=CC=CC=C7)C8=CC=CC=C8,L1.18,1,C/C=C/C(=O)OC(C)C,97,COc1cccc(B(O)O)c1,18,95.5,100,9.477889153,1,8
86,86,C12=CC=CC=C1C=CC(P(C3=CC=CC=C3)C4=CC=CC=C4)=C2C5=C(C=CC=C6)C6=CC=C5P(C7=CC=CC=C7)C8=CC=CC=C8,L1.18,1,C/C=C/C(=O)OC1CCCCC1,99,COc1cccc(B(O)O)c1,18,95.5,100,9.477889153,1,8
87,87,C12=CC=CC=C1C=CC(P(C3=CC=CC=C3)C4=CC=CC=C4)=C2C5=C(C=CC=C6)C6=CC=C5P(C7=CC=CC=C7)C8=CC=CC=C8,L1.18,1,C/C=C/C(=O)OCC,96,COc1cccc(B(O)O)c1,18,93.5,100,8.271410102019884,1,0
88,88,C12=CC=CC=C1C=CC(P(C3=CC=CC=C3)C4=CC=CC=C4)=C2C5=C(C=CC=C6)C6=CC=C5P(C7=CC=CC=C7)C8=CC=CC=C8,L1.18,1,C/C=C/C(=O)OCc1ccccc1,100,COc1cccc(B(O)O)c1,18,93.5,100,8.271410102019884,1,8
89,89,C12=CC=CC=C1C=CC(P(C3=CC=CC=C3)C4=CC=CC=C4)=C2C5=C(C=CC=C6)C6=CC=C5P(C7=CC=CC=C7)C8=CC=CC=C8,L1.18,1,CC(=O)OC1CCCC=C1[N+](=O)[O-],209,COc1cccc(B(O)O)c1,18,98,50,10.456033337686607,1,4
90,90,C12=CC=CC=C1C=CC(P(C3=CC=CC=C3)C4=CC=CC=C4)=C2C5=C(C=CC=C6)C6=CC=C5P(C7=CC=CC=C7)C8=CC=CC=C8,L1.1,2,CC(C)(C)OC(=O)/C=C1/C(=O)N(Cc2ccccc2)c2ccccc21,190,COc1cccc(B(O)O)c1,18,9.5,40,-5.868505732,0,9
91,91,C12=CC=CC=C1C=CC(P(C3=CC=CC=C3)C4=CC=CC=C4)=C2C5=C(C=CC=C6)C6=CC=C5P(C7=CC=CC=C7)C8=CC=CC=C8,L1.18,1,O=C1C=CCCC1,0,COc1cccc(B(O)O)c1,18,98,100,12.073863035611195,1,1
92,92,C12=CC=CC=C1C=CC(P(C3=CC=CC=C3)C4=CC=CC=C4)=C2C5=C(C=CC=C6)C6=CC=C5P(C7=CC=CC=C7)C8=CC=CC=C8,L1.18,1,O=C1C=CCCO1,110,COc1cccc(B(O)O)c1,18,99,100,14.25575783385418,1,6
93,93,C12=CC=CC=C1C=CC(P(C3=CC=CC=C3)C4=CC=CC=C4)=C2C5=C(C=CC=C6)C6=CC=C5P(C7=CC=CC=C7)C8=CC=CC=C8,L1.18,1,C/C=C/P(=O)(OCC)OCC,196,COc1cccc(B2OB(c3cccc(OC)c3)OB(c3cccc(OC)c3)O2)c1,42,97.5,100,11.365720446897749,1,5
94,94,C12=CC=CC=C1C=CC(P(C3=CC=CC=C3)C4=CC=CC=C4)=C2C5=C(C=CC=C6)C6=CC=C5P(C7=CC=CC=C7)C8=CC=CC=C8,L1.1,2,C/C=C/C(=O)NCc1ccccc1,160,COc1cccc([B-](F)(F)F)c1.[K+],122,7,110,-8.239922444,0,4
95,95,C12=CC=CC=C1C=CC(P(C3=CC=CC=C3)C4=CC=CC=C4)=C2C5=C(C=CC=C6)C6=CC=C5P(C7=CC=CC=C7)C8=CC=CC=C8,L1.18,1,CCC/C=C/C(=O)OC(C)C,113,COc1cccc([B-](OC)(OC)OC)c1.[Li+],113,98.5,100,12.982147179797291,1,1
96,96,C12=CC=CC=C1C=CC(P(C3=CC=CC=C3)C4=CC=CC=C4)=C2C5=C(C=CC=C6)C6=CC=C5P(C7=CC=CC=C7)C8=CC=CC=C8,L1.18,1,O=C1C=CCCC1,0,COc1cccc([B-]23OCC(C)(CO2)CO3)n1.[Li+],85,77.5,95,3.785481936091071,1,8
97,97,C12=CC=CC=C1C=CC(P(C3=CC=CC=C3)C4=CC=CC=C4)=C2C5=C(C=CC=C6)C6=CC=C5P(C7=CC=CC=C7)C8=CC=CC=C8,L1.18,1,C/C=C/C(=O)OC(C)C,97,COc1ccccc1B(O)O,14,99,100,14.25575783385418,1,3
98,98,C12=CC=CC=C1C=CC(P(C3=CC=CC=C3)C4=CC=CC=C4)=C2C5=C(C=CC=C6)C6=CC=C5P(C7=CC=CC=C7)C8=CC=CC=C8,L1.1,2,O=C1C=CCCCC1,15,Cc1ccc(/C=C/B(O)O)cc1,106,2.5,110,-11.67030896,0,4
99,99,C12=CC=CC=C1C=CC(P(C3=CC=CC=C3)C4=CC=CC=C4)=C2C5=C(C=CC=C6)C6=CC=C5P(C7=CC=CC=C7)C8=CC=CC=C8,L1.1,2,O=C1C=CCCC1,0,Cc1ccc(/C=C/[B-](F)(F)F)cc1.[K+],104,2.5,110,-11.67030896,0,7
100,100,C12=CC=CC=C1C=CC(P(C3=CC=CC=C3)C4=CC=CC=C4)=C2C5=C(C=CC=C6)C6=CC=C5P(C7=CC=CC=C7)C8=CC=CC=C8,L1.1,2,C/C=C/C(=O)NC(C)C,155,Cc1ccc(B(O)O)cc1,12,3,110,-11.07314401,0,2
101,101,C12=CC=CC=C1C=CC(P(C3=CC=CC=C3)C4=CC=CC=C4)=C2C5=C(C=CC=C6)C6=CC=C5P(C7=CC=CC=C7)C8=CC=CC=C8,L1.18,1,C/C=C/C(=O)OC(C)C,97,Cc1ccc(B(O)O)cc1,12,96,100,9.859496001,1,8
102,102,C12=CC=CC=C1C=CC(P(C3=CC=CC=C3)C4=CC=CC=C4)=C2C5=C(C=CC=C6)C6=CC=C5P(C7=CC=CC=C7)C8=CC=CC=C8,L1.18,1,C/C=C/P(=O)(OCC)OCC,196,Cc1ccc(B(O)O)cc1,12,93,100,8.024865092428724,1,7
103,103,C12=CC=CC=C1C=CC(P(C3=CC=CC=C3)C4=CC=CC=C4)=C2C5=C(C=CC=C6)C6=CC=C5P(C7=CC=CC=C7)C8=CC=CC=C8,L1.18,1,CC(=O)OC1CCCC=C1[N+](=O)[O-],209,Cc1ccc(B(O)O)cc1,12,97.5,50,9.842777870601656,1,3
104,104,C12=CC=CC=C1C=CC(P(C3=CC=CC=C3)C4=CC=CC=C4)=C2C5=C(C=CC=C6)C6=CC=C5P(C7=CC=CC=C7)C8=CC=CC=C8,L1.1,2,CC(C)(C)OC(=O)/C=C1/C(=O)N(Cc2ccccc2)c2ccccc21,190,Cc1ccc(B(O)O)cc1,12,4.5,40,-7.953908585,0,6
105,105,C12=CC=CC=C1C=CC(P(C3=CC=CC=C3)C4=CC=CC=C4)=C2C5=C(C=CC=C6)C6=CC=C5P(C7=CC=CC=C7)C8=CC=CC=C8,L1.18,1,CC(C)OC(=O)/C=C/c1ccccc1,126,Cc1ccc(B(O)O)cc1,12,89,100,6.486250575,1,9
106,106,C12=CC=CC=C1C=CC(P(C3=CC=CC=C3)C4=CC=CC=C4)=C2C5=C(C=CC=C6)C6=CC=C5P(C7=CC=CC=C7)C8=CC=CC=C8,L1.18,1,O=C1C=CCCO1,110,Cc1ccc(B(O)O)cc1,12,98.5,100,12.982147179797291,1,3
107,107,C12=CC=CC=C1C=CC(P(C3=CC=CC=C3)C4=CC=CC=C4)=C2C5=C(C=CC=C6)C6=CC=C5P(C7=CC=CC=C7)C8=CC=CC=C8,L1.18,1,O=[N+]([O-])C1=CCCCC1,208,Cc1ccc(B(O)O)cc1,12,99,100,14.25575783385418,1,9
108,108,C12=CC=CC=C1C=CC(P(C3=CC=CC=C3)C4=CC=CC=C4)=C2C5=C(C=CC=C6)C6=CC=C5P(C7=CC=CC=C7)C8=CC=CC=C8,L1.18,1,C/C=C/P(=O)(OCC)OCC,196,Cc1ccc(B2OB(c3ccc(C)cc3)OB(c3ccc(C)cc3)O2)cc1,27,97.5,100,11.365720446897749,1,6
109,109,C12=CC=CC=C1C=CC(P(C3=CC=CC=C3)C4=CC=CC=C4)=C2C5=C(C=CC=C6)C6=CC=C5P(C7=CC=CC=C7)C8=CC=CC=C8,L1.18,1,C/C=C/C(=O)NCc1ccccc1,160,Cc1ccc([B-](F)(F)F)cc1.[K+],123,93.5,100,8.271410102019884,1,4
110,110,C12=CC=CC=C1C=CC(P(C3=CC=CC=C3)C4=CC=CC=C4)=C2C5=C(C=CC=C6)C6=CC=C5P(C7=CC=CC=C7)C8=CC=CC=C8,L1.18,1,O=C1C=CCC1,6,Cc1ccc([B-](OC(C)C)(OC(C)C)OC(C)C)cc1.[Li+],19,96.5,100,10.28987590712608,1,3
111,111,C12=CC=CC=C1C=CC(P(C3=CC=CC=C3)C4=CC=CC=C4)=C2C5=C(C=CC=C6)C6=CC=C5P(C7=CC=CC=C7)C8=CC=CC=C8,L1.18,1,O=C1C=CCCC1,0,Cc1ccc([B-]23OCC(C)(CO2)CO3)cc1.[Li+],49,99,50,12.345566512153232,1,3
112,112,C12=CC=CC=C1C=CC(P(C3=CC=CC=C3)C4=CC=CC=C4)=C2C5=C(C=CC=C6)C6=CC=C5P(C7=CC=CC=C7)C8=CC=CC=C8,L1.18,1,C/C=C/C(=O)OC(C)C,97,Cc1ccccc1B(O)O,6,97,100,10.784141163895436,1,9
113,113,C12=CC=CC=C1C=CC(P(C3=CC=CC=C3)C4=CC=CC=C4)=C2C5=C(C=CC=C6)C6=CC=C5P(C7=CC=CC=C7)C8=CC=CC=C8,L1.18,1,C/C=C/P(=O)(OCC)OCC,196,Clc1cccc(B2OB(c3cccc(Cl)c3)OB(c3cccc(Cl)c3)O2)c1,45,98,100,12.073863035611195,1,2
114,114,C12=CC=CC=C1C=CC(P(C3=CC=CC=C3)C4=CC=CC=C4)=C2C5=C(C=CC=C6)C6=CC=C5P(C7=CC=CC=C7)C8=CC=CC=C8,L1.18,1,C/C=C/P(=O)(OCC)OCC,196,FC(F)(F)c1ccc(B2OB(c3ccc(C(F)(F)F)cc3)OB(c3ccc(C(F)(F)F)cc3)O2)cc1,132,98,100,12.073863035611195,1,9
115,115,C12=CC=CC=C1C=CC(P(C3=CC=CC=C3)C4=CC=CC=C4)=C2C5=C(C=CC=C6)C6=CC=C5P(C7=CC=CC=C7)C8=CC=CC=C8,L1.1,2,O=C1C=CCCC1,0,F[B-](F)(F)c1ccc(Br)cc1.[K+],55,2,110,-12.39742898,0,0
116,116,C12=CC=CC=C1C=CC(P(C3=CC=CC=C3)C4=CC=CC=C4)=C2C5=C(C=CC=C6)C6=CC=C5P(C7=CC=CC=C7)C8=CC=CC=C8,L1.1,2,O=C1C=CCCCC1,15,F[B-](F)(F)c1ccc(Br)cc1.[K+],55,3,110,-11.07314401,0,0
117,117,C12=CC=CC=C1C=CC(P(C3=CC=CC=C3)C4=CC=CC=C4)=C2C5=C(C=CC=C6)C6=CC=C5P(C7=CC=CC=C7)C8=CC=CC=C8,L1.18,1,C/C=C/C(=O)NCc1ccccc1,160,F[B-](F)(F)c1ccc(C(F)(F)F)cc1.[K+],124,96,100,9.859496001,1,9
118,118,C12=CC=CC=C1C=CC(P(C3=CC=CC=C3)C4=CC=CC=C4)=C2C5=C(C=CC=C6)C6=CC=C5P(C7=CC=CC=C7)C8=CC=CC=C8,L1.1,2,C/C=C/C(=O)NCc1ccccc1,160,F[B-](F)(F)c1ccc(Cl)cc1.[K+],125,5,110,-9.379537163,0,5
119,119,C12=CC=CC=C1C=CC(P(C3=CC=CC=C3)C4=CC=CC=C4)=C2C5=C(C=CC=C6)C6=CC=C5P(C7=CC=CC=C7)C8=CC=CC=C8,L1.1,2,C/C=C/C(=O)NCc1ccccc1,160,F[B-](F)(F)c1ccc2ccccc2c1.[K+],126,6,110,-8.765040779,0,4
120,120,C12=CC=CC=C1C=CC(P(C3=CC=CC=C3)C4=CC=CC=C4)=C2C5=C(C=CC=C6)C6=CC=C5P(C7=CC=CC=C7)C8=CC=CC=C8,L1.1,2,C/C=C/C(=O)NCc1ccccc1,160,F[B-](F)(F)c1cccc(Cl)c1.[K+],46,3.5,110,-10.565633,0,0
121,121,C12=CC=CC=C1C=CC(P(C3=CC=CC=C3)C4=CC=CC=C4)=C2C5=C(C=CC=C6)C6=CC=C5P(C7=CC=CC=C7)C8=CC=CC=C8,L1.18,1,O=C1C=CCCC1,0,F[B-](F)(F)c1cccc(Cl)c1.[K+],46,98.5,110,13.330054112124705,1,6
122,122,C12=CC=CC=C1C=CC(P(C3=CC=CC=C3)C4=CC=CC=C4)=C2C5=C(C=CC=C6)C6=CC=C5P(C7=CC=CC=C7)C8=CC=CC=C8,L1.1,2,O=C1C=CCCC1,0,F[B-](F)(F)c1cccc2ccccc12.[K+],64,6.5,110,-8.493074583,0,8
123,123,C12=CC=CC=C1C=CC(P(C3=CC=CC=C3)C4=CC=CC=C4)=C2C5=C(C=CC=C6)C6=CC=C5P(C7=CC=CC=C7)C8=CC=CC=C8,L1.1,2,C/C=C/C(=O)NCc1ccccc1,160,F[B-](F)(F)c1ccccc1.[K+],1,26,110,-3.331942351,0,7
124,124,C12=CC=CC=C1C=CC(P(C3=CC=CC=C3)C4=CC=CC=C4)=C2C5=C(C=CC=C6)C6=CC=C5P(C7=CC=CC=C7)C8=CC=CC=C8,L1.1,2,CCCCCC/C=C/C(C)=O,34,F[B-](F)(F)c1ccccc1.[K+],1,2.5,110,-11.67030896,0,5
125,125,C12=CC=CC=C1C=CC(P(C3=CC=CC=C3)C4=CC=CC=C4)=C2C5=C(C=CC=C6)C6=CC=C5P(C7=CC=CC=C7)C8=CC=CC=C8,L1.18,1,O=C1C=CCC1,6,F[B-](F)(F)c1ccccc1.[K+],1,98.5,100,12.982147179797291,1,7
126,126,C12=CC=CC=C1C=CC(P(C3=CC=CC=C3)C4=CC=CC=C4)=C2C5=C(C=CC=C6)C6=CC=C5P(C7=CC=CC=C7)C8=CC=CC=C8,L1.1,2,O=C1C=CCCCC1,15,F[B-](F)(F)c1ccccc1.[K+],1,2.5,110,-11.67030896,0,1
127,127,C12=CC=CC=C1C=CC(P(C3=CC=CC=C3)C4=CC=CC=C4)=C2C5=C(C=CC=C6)C6=CC=C5P(C7=CC=CC=C7)C8=CC=CC=C8,L1.1,2,O=C1C=CCCN1,176,Fc1ccc(B2OB(c3ccc(F)cc3)OB(c3ccc(F)cc3)O2)cc1,28,1,40,-11.96352825,0,2
128,128,C12=CC=CC=C1C=CC(P(C3=CC=CC=C3)C4=CC=CC=C4)=C2C5=C(C=CC=C6)C6=CC=C5P(C7=CC=CC=C7)C8=CC=CC=C8,L1.1,2,O=C1C=CCCN1Cc1ccccc1,177,Fc1ccc(B2OB(c3ccc(F)cc3)OB(c3ccc(F)cc3)O2)cc1,28,3.5,100,-10.28987591,0,8
129,129,C12=CC=CC=C1C=CC(P(C3=CC=CC=C3)C4=CC=CC=C4)=C2C5=C(C=CC=C6)C6=CC=C5P(C7=CC=CC=C7)C8=CC=CC=C8,L1.1,2,O=C1C=CCCC1,0,Fc1ccc([B-](F)(F)F)cc1.[K+],53,1,110,-14.6377961,0,4
130,130,C12=CC=CC=C1C=CC(P(C3=CC=CC=C3)C4=CC=CC=C4)=C2C5=C(C=CC=C6)C6=CC=C5P(C7=CC=CC=C7)C8=CC=CC=C8,L1.1,2,CC(C)(C)OC(=O)/C=C/C1CCN(S(C)(=O)=O)CC1,122,OB(O)c1cc(F)cc(F)c1,116,4,60,-8.80260242,0,5
131,131,C12=CC=CC=C1C=CC(P(C3=CC=CC=C3)C4=CC=CC=C4)=C2C5=C(C=CC=C6)C6=CC=C5P(C7=CC=CC=C7)C8=CC=CC=C8,L1.1,2,CC(C)OC(=O)/C=C/C1CCN(S(C)(=O)=O)CC1,121,OB(O)c1cc(F)cc(F)c1,116,0.5,60,-14.66144387,0,8
132,132,C12=CC=CC=C1C=CC(P(C3=CC=CC=C3)C4=CC=CC=C4)=C2C5=C(C=CC=C6)C6=CC=C5P(C7=CC=CC=C7)C8=CC=CC=C8,L1.18,1,CC(=O)OC1CCCC=C1[N+](=O)[O-],209,OB(O)c1ccc(C(F)(F)F)cc1,9,97,50,9.339126938530914,1,9
133,133,C12=CC=CC=C1C=CC(P(C3=CC=CC=C3)C4=CC=CC=C4)=C2C5=C(C=CC=C6)C6=CC=C5P(C7=CC=CC=C7)C8=CC=CC=C8,L1.18,1,O=C1C=CCC1,6,OB(O)c1ccc(C(F)(F)F)cc1,9,96.5,100,10.28987590712608,1,0
134,134,C12=CC=CC=C1C=CC(P(C3=CC=CC=C3)C4=CC=CC=C4)=C2C5=C(C=CC=C6)C6=CC=C5P(C7=CC=CC=C7)C8=CC=CC=C8,L1.18,1,O=C1C=CCCC1,0,OB(O)c1ccc(C(F)(F)F)cc1,9,99.5,100,16.42178532510618,1,8
135,135,C12=CC=CC=C1C=CC(P(C3=CC=CC=C3)C4=CC=CC=C4)=C2C5=C(C=CC=C6)C6=CC=C5P(C7=CC=CC=C7)C8=CC=CC=C8,L1.18,1,O=C1C=CCCO1,110,OB(O)c1ccc(C(F)(F)F)cc1,9,98.5,100,12.982147179797291,1,9
136,136,C12=CC=CC=C1C=CC(P(C3=CC=CC=C3)C4=CC=CC=C4)=C2C5=C(C=CC=C6)C6=CC=C5P(C7=CC=CC=C7)C8=CC=CC=C8,L1.18,1,O=[N+]([O-])C1=CCCCC1,208,OB(O)c1ccc(C(F)(F)F)cc1,9,99.5,100,16.42178532510618,1,0
137,137,C12=CC=CC=C1C=CC(P(C3=CC=CC=C3)C4=CC=CC=C4)=C2C5=C(C=CC=C6)C6=CC=C5P(C7=CC=CC=C7)C8=CC=CC=C8,L1.1,2,C/C=C/C(=O)NC(C)C,155,OB(O)c1ccc(Cl)cc1,22,4,110,-10.1237194,0,8
138,138,C12=CC=CC=C1C=CC(P(C3=CC=CC=C3)C4=CC=CC=C4)=C2C5=C(C=CC=C6)C6=CC=C5P(C7=CC=CC=C7)C8=CC=CC=C8,L1.18,1,CC(=O)OC1CCCC=C1[N+](=O)[O-],209,OB(O)c1ccc(Cl)cc1,22,99.5,50,14.22135850946821,1,1
139,139,C12=CC=CC=C1C=CC(P(C3=CC=CC=C3)C4=CC=CC=C4)=C2C5=C(C=CC=C6)C6=CC=C5P(C7=CC=CC=C7)C8=CC=CC=C8,L1.1,2,CC(C)(C)OC(=O)/C=C1/C(=O)N(Cc2ccccc2)c2ccccc21,190,OB(O)c1ccc(Cl)cc1,22,6,40,-7.163702257,0,1
140,140,C12=CC=CC=C1C=CC(P(C3=CC=CC=C3)C4=CC=CC=C4)=C2C5=C(C=CC=C6)C6=CC=C5P(C7=CC=CC=C7)C8=CC=CC=C8,L1.18,1,CCOC(=O)/C=C/CNC(=O)OC(C)(C)C,101,OB(O)c1ccc(Cl)cc1,22,93.5,100,8.271410102019884,1,7
141,141,C12=CC=CC=C1C=CC(P(C3=CC=CC=C3)C4=CC=CC=C4)=C2C5=C(C=CC=C6)C6=CC=C5P(C7=CC=CC=C7)C8=CC=CC=C8,L1.18,1,CCOC(=O)/C=C/CNC(=O)OCc1ccccc1,102,OB(O)c1ccc(Cl)cc1,22,94,100,8.536278132740168,1,0
142,142,C12=CC=CC=C1C=CC(P(C3=CC=CC=C3)C4=CC=CC=C4)=C2C5=C(C=CC=C6)C6=CC=C5P(C7=CC=CC=C7)C8=CC=CC=C8,L1.1,2,C/C=C/S(=O)(=O)c1ccccn1,243,OB(O)c1ccc(F)cc1,21,12,100,-6.181253777,0,5
143,143,C12=CC=CC=C1C=CC(P(C3=CC=CC=C3)C4=CC=CC=C4)=C2C5=C(C=CC=C6)C6=CC=C5P(C7=CC=CC=C7)C8=CC=CC=C8,L1.18,1,CC(=O)OC1CCCC=C1[N+](=O)[O-],209,OB(O)c1ccc(F)cc1,21,99,50,12.345566512153232,1,0
144,144,C12=CC=CC=C1C=CC(P(C3=CC=CC=C3)C4=CC=CC=C4)=C2C5=C(C=CC=C6)C6=CC=C5P(C7=CC=CC=C7)C8=CC=CC=C8,L1.1,2,CC(C)(C)OC(=O)/C=C1/C(=O)N(Cc2ccccc2)c2ccccc21,190,OB(O)c1ccc(F)cc1,21,6,40,-7.163702257,0,3
145,145,C12=CC=CC=C1C=CC(P(C3=CC=CC=C3)C4=CC=CC=C4)=C2C5=C(C=CC=C6)C6=CC=C5P(C7=CC=CC=C7)C8=CC=CC=C8,L1.18,1,CCOC(=O)/C=C/CN1C(=O)c2ccccc2C1=O,103,OB(O)c1ccc(F)cc1,21,92.5,100,7.794099337579717,1,6
146,146,C12=CC=CC=C1C=CC(P(C3=CC=CC=C3)C4=CC=CC=C4)=C2C5=C(C=CC=C6)C6=CC=C5P(C7=CC=CC=C7)C8=CC=CC=C8,L1.1,2,CCOC(=O)/C=C/CNC(=O)OC(C)(C)C,101,OB(O)c1ccc(F)cc1,21,5,100,-9.134736506,0,9
147,147,C12=CC=CC=C1C=CC(P(C3=CC=CC=C3)C4=CC=CC=C4)=C2C5=C(C=CC=C6)C6=CC=C5P(C7=CC=CC=C7)C8=CC=CC=C8,L1.1,2,O=C1C=CCCN1Cc1ccccc1,177,OB(O)c1ccc(F)cc1,21,5.5,100,-8.82267777,0,9
148,148,C12=CC=CC=C1C=CC(P(C3=CC=CC=C3)C4=CC=CC=C4)=C2C5=C(C=CC=C6)C6=CC=C5P(C7=CC=CC=C7)C8=CC=CC=C8,L1.18,1,O=C1C=CCCO1,110,OB(O)c1ccc(F)cc1,21,98.5,100,12.982147179797291,1,0
149,149,C12=CC=CC=C1C=CC(P(C3=CC=CC=C3)C4=CC=CC=C4)=C2C5=C(C=CC=C6)C6=CC=C5P(C7=CC=CC=C7)C8=CC=CC=C8,L1.18,1,CC(=O)OC1CCCC=C1[N+](=O)[O-],209,OB(O)c1ccc2c(c1)OCO2,74,99,50,12.345566512153232,1,4
150,150,C12=CC=CC=C1C=CC(P(C3=CC=CC=C3)C4=CC=CC=C4)=C2C5=C(C=CC=C6)C6=CC=C5P(C7=CC=CC=C7)C8=CC=CC=C8,L1.1,2,C/C=C/C(=O)NC(C)C,155,OB(O)c1ccc2ccccc2c1,11,2.5,110,-11.67030896,0,1
151,151,C12=CC=CC=C1C=CC(P(C3=CC=CC=C3)C4=CC=CC=C4)=C2C5=C(C=CC=C6)C6=CC=C5P(C7=CC=CC=C7)C8=CC=CC=C8,L1.18,1,O=C1C=CCCO1,110,OB(O)c1ccc2ccccc2c1,11,99,100,14.25575783385418,1,8
152,152,C12=CC=CC=C1C=CC(P(C3=CC=CC=C3)C4=CC=CC=C4)=C2C5=C(C=CC=C6)C6=CC=C5P(C7=CC=CC=C7)C8=CC=CC=C8,L1.18,1,O=[N+]([O-])C1=CCCCC1,208,OB(O)c1ccc2ccccc2c1,11,99,100,14.25575783385418,1,7
153,153,C12=CC=CC=C1C=CC(P(C3=CC=CC=C3)C4=CC=CC=C4)=C2C5=C(C=CC=C6)C6=CC=C5P(C7=CC=CC=C7)C8=CC=CC=C8,L1.1,2,CC(C)(C)OC(=O)/C=C1/C(=O)N(Cc2ccccc2)c2ccccc21,190,OB(O)c1cccc(Cl)c1,8,5,40,-7.665932565,0,8
154,154,C12=CC=CC=C1C=CC(P(C3=CC=CC=C3)C4=CC=CC=C4)=C2C5=C(C=CC=C6)C6=CC=C5P(C7=CC=CC=C7)C8=CC=CC=C8,L1.18,1,C[Si](C)(C)C1CC=CC(=O)C1,9,OB(O)c1cccc(Cl)c1,8,95,100,9.134736505801508,1,9
155,155,C12=CC=CC=C1C=CC(P(C3=CC=CC=C3)C4=CC=CC=C4)=C2C5=C(C=CC=C6)C6=CC=C5P(C7=CC=CC=C7)C8=CC=CC=C8,L1.18,1,O=C1C=CCCC1,0,OB(O)c1cccc(Cl)c1,8,98,100,12.073863035611195,1,5
156,156,C12=CC=CC=C1C=CC(P(C3=CC=CC=C3)C4=CC=CC=C4)=C2C5=C(C=CC=C6)C6=CC=C5P(C7=CC=CC=C7)C8=CC=CC=C8,L1.18,1,O=[N+]([O-])C1=CCCCC1,208,OB(O)c1cccc(Cl)c1,8,99.5,100,16.42178532510618,1,4
157,157,C12=CC=CC=C1C=CC(P(C3=CC=CC=C3)C4=CC=CC=C4)=C2C5=C(C=CC=C6)C6=CC=C5P(C7=CC=CC=C7)C8=CC=CC=C8,L1.18,1,CC(C)(C)OC(=O)N[C@@H](CC/C=C/[N+](=O)[O-])C(=O)OCc1ccccc1,205,OB(O)c1cccc(F)c1F,133,93,35,6.626992303984755,1,8
158,158,C12=CC=CC=C1C=CC(P(C3=CC=CC=C3)C4=CC=CC=C4)=C2C5=C(C=CC=C6)C6=CC=C5P(C7=CC=CC=C7)C8=CC=CC=C8,L1.18,1,O=C1C=CCCC1,0,OB(O)c1cccc2ccccc12,24,99,100,14.25575783385418,1,0
159,159,C12=CC=CC=C1C=CC(P(C3=CC=CC=C3)C4=CC=CC=C4)=C2C5=C(C=CC=C6)C6=CC=C5P(C7=CC=CC=C7)C8=CC=CC=C8,L1.18,1,C/C=C/C(=O)N(C)OC,156,OB(O)c1ccccc1,7,88.5,50,5.4825661203137965,1,9
160,160,C12=CC=CC=C1C=CC(P(C3=CC=CC=C3)C4=CC=CC=C4)=C2C5=C(C=CC=C6)C6=CC=C5P(C7=CC=CC=C7)C8=CC=CC=C8,L1.18,1,C/C=C/C(=O)NC1CCCCC1,158,OB(O)c1ccccc1,7,96.5,100,10.28987590712608,1,3
161,161,C12=CC=CC=C1C=CC(P(C3=CC=CC=C3)C4=CC=CC=C4)=C2C5=C(C=CC=C6)C6=CC=C5P(C7=CC=CC=C7)C8=CC=CC=C8,L1.18,1,C/C=C/C(=O)NCc1ccccc1,160,OB(O)c1ccccc1,7,97.5,100,11.365720446897749,1,9
162,162,C12=CC=CC=C1C=CC(P(C3=CC=CC=C3)C4=CC=CC=C4)=C2C5=C(C=CC=C6)C6=CC=C5P(C7=CC=CC=C7)C8=CC=CC=C8,L1.18,1,C/C=C/C(=O)Nc1ccccc1,159,OB(O)c1ccccc1,7,95,100,9.134736505801508,1,0
163,163,C12=CC=CC=C1C=CC(P(C3=CC=CC=C3)C4=CC=CC=C4)=C2C5=C(C=CC=C6)C6=CC=C5P(C7=CC=CC=C7)C8=CC=CC=C8,L1.18,1,C/C=C/C(=O)OCc1ccccc1,100,OB(O)c1ccccc1,7,94,60,7.621227549034938,1,6
164,164,C12=CC=CC=C1C=CC(P(C3=CC=CC=C3)C4=CC=CC=C4)=C2C5=C(C=CC=C6)C6=CC=C5P(C7=CC=CC=C7)C8=CC=CC=C8,L1.18,1,C/C=C/C(N)=O,154,OB(O)c1ccccc1,7,94.5,100,8.822677770172534,1,6
165,165,C12=CC=CC=C1C=CC(P(C3=CC=CC=C3)C4=CC=CC=C4)=C2C5=C(C=CC=C6)C6=CC=C5P(C7=CC=CC=C7)C8=CC=CC=C8,L1.18,1,C/C=C/P(=O)(OCC)OCC,196,OB(O)c1ccccc1,7,92,100,7.577061974006026,1,9
166,166,C12=CC=CC=C1C=CC(P(C3=CC=CC=C3)C4=CC=CC=C4)=C2C5=C(C=CC=C6)C6=CC=C5P(C7=CC=CC=C7)C8=CC=CC=C8,L1.1,2,C/C=C/S(=O)(=O)c1ccccn1,243,OB(O)c1ccccc1,7,13.5,100,-5.762510154,0,6
167,167,C12=CC=CC=C1C=CC(P(C3=CC=CC=C3)C4=CC=CC=C4)=C2C5=C(C=CC=C6)C6=CC=C5P(C7=CC=CC=C7)C8=CC=CC=C8,L1.18,1,CC(=O)/C=C/C(C)C,12,OB(O)c1ccccc1,7,98.5,100,12.982147179797291,1,8
168,168,C12=CC=CC=C1C=CC(P(C3=CC=CC=C3)C4=CC=CC=C4)=C2C5=C(C=CC=C6)C6=CC=C5P(C7=CC=CC=C7)C8=CC=CC=C8,L1.18,1,CC(=O)/C=C/CC(C)(C(C)=O)C(C)=O,277,OB(O)c1ccccc1,7,93.5,95,8.160577861606914,1,4
169,169,C12=CC=CC=C1C=CC(P(C3=CC=CC=C3)C4=CC=CC=C4)=C2C5=C(C=CC=C6)C6=CC=C5P(C7=CC=CC=C7)C8=CC=CC=C8,L1.1,2,CC(=O)/C=C/CCC(C)=O,275,OB(O)c1ccccc1,7,3,95,-10.63963974,0,3
170,170,C12=CC=CC=C1C=CC(P(C3=CC=CC=C3)C4=CC=CC=C4)=C2C5=C(C=CC=C6)C6=CC=C5P(C7=CC=CC=C7)C8=CC=CC=C8,L1.1,2,CC(=O)/C=C/CCCC(C)=O,276,OB(O)c1ccccc1,7,2.5,95,-11.21342619,0,8
171,171,C12=CC=CC=C1C=CC(P(C3=CC=CC=C3)C4=CC=CC=C4)=C2C5=C(C=CC=C6)C6=CC=C5P(C7=CC=CC=C7)C8=CC=CC=C8,L1.1,2,CC(=O)/C=C/[Si](C)(C)c1ccccc1,2,OB(O)c1ccccc1,7,14,50,-4.877083461,0,9
172,172,C12=CC=CC=C1C=CC(P(C3=CC=CC=C3)C4=CC=CC=C4)=C2C5=C(C=CC=C6)C6=CC=C5P(C7=CC=CC=C7)C8=CC=CC=C8,L1.18,1,CC(=O)/C=C/c1ccccc1,35,OB(O)c1ccccc1,7,51,100,0.1241113139407008,1,9
173,173,C12=CC=CC=C1C=CC(P(C3=CC=CC=C3)C4=CC=CC=C4)=C2C5=C(C=CC=C6)C6=CC=C5P(C7=CC=CC=C7)C8=CC=CC=C8,L1.18,1,CC(=O)OC1CCC=C1[N+](=O)[O-],202,OB(O)c1ccccc1,7,58.5,50,0.9224230406542074,1,3
174,174,C12=CC=CC=C1C=CC(P(C3=CC=CC=C3)C4=CC=CC=C4)=C2C5=C(C=CC=C6)C6=CC=C5P(C7=CC=CC=C7)C8=CC=CC=C8,L1.18,1,CC(=O)OC1CCCC=C1[N+](=O)[O-],209,OB(O)c1ccccc1,7,98.5,50,11.242612518160245,1,1
175,175,C12=CC=CC=C1C=CC(P(C3=CC=CC=C3)C4=CC=CC=C4)=C2C5=C(C=CC=C6)C6=CC=C5P(C7=CC=CC=C7)C8=CC=CC=C8,L1.1,2,CC(C)(C)C(=O)OC1CCCC=C1[N+](=O)[O-],210,OB(O)c1ccccc1,7,2.5,100,-11.36572045,0,1
176,176,C12=CC=CC=C1C=CC(P(C3=CC=CC=C3)C4=CC=CC=C4)=C2C5=C(C=CC=C6)C6=CC=C5P(C7=CC=CC=C7)C8=CC=CC=C8,L1.1,2,CC(C)(C)OC(=O)/C=C1/C(=O)N(Cc2ccccc2)c2ccc(Br)cc21,193,OB(O)c1ccccc1,7,11,40,-5.443305286,0,5
177,177,C12=CC=CC=C1C=CC(P(C3=CC=CC=C3)C4=CC=CC=C4)=C2C5=C(C=CC=C6)C6=CC=C5P(C7=CC=CC=C7)C8=CC=CC=C8,L1.1,2,CC(C)(C)OC(=O)/C=C1/C(=O)N(Cc2ccccc2)c2ccc(Cl)cc21,192,OB(O)c1ccccc1,7,11,40,-5.443305286,0,8
178,178,C12=CC=CC=C1C=CC(P(C3=CC=CC=C3)C4=CC=CC=C4)=C2C5=C(C=CC=C6)C6=CC=C5P(C7=CC=CC=C7)C8=CC=CC=C8,L1.1,2,CC(C)(C)OC(=O)/C=C1/C(=O)N(Cc2ccccc2)c2cccc(Br)c21,191,OB(O)c1ccccc1,7,25,40,-2.860269063,0,9
179,179,C12=CC=CC=C1C=CC(P(C3=CC=CC=C3)C4=CC=CC=C4)=C2C5=C(C=CC=C6)C6=CC=C5P(C7=CC=CC=C7)C8=CC=CC=C8,L1.1,2,CC(C)(C)OC(=O)/C=C1/C(=O)N(Cc2ccccc2)c2ccccc21,190,OB(O)c1ccccc1,7,15,75,-5.020835886,0,6
180,180,C12=CC=CC=C1C=CC(P(C3=CC=CC=C3)C4=CC=CC=C4)=C2C5=C(C=CC=C6)C6=CC=C5P(C7=CC=CC=C7)C8=CC=CC=C8,L1.1,2,CC(C)(C)c1ccccc1N1C(=O)C=CC1=O,171,OB(O)c1ccccc1,7,8.5,50,-6.384258729,0,5
181,181,C12=CC=CC=C1C=CC(P(C3=CC=CC=C3)C4=CC=CC=C4)=C2C5=C(C=CC=C6)C6=CC=C5P(C7=CC=CC=C7)C8=CC=CC=C8,L1.18,1,CC(C)=C1CCC=CC1=O,22,OB(O)c1ccccc1,7,94.5,100,8.822677770172534,1,2
182,182,C12=CC=CC=C1C=CC(P(C3=CC=CC=C3)C4=CC=CC=C4)=C2C5=C(C=CC=C6)C6=CC=C5P(C7=CC=CC=C7)C8=CC=CC=C8,L1.1,2,CC1(C)CC=CC(=O)C1,18,OB(O)c1ccccc1,7,0.5,40,-13.78127315,0,7
183,183,C12=CC=CC=C1C=CC(P(C3=CC=CC=C3)C4=CC=CC=C4)=C2C5=C(C=CC=C6)C6=CC=C5P(C7=CC=CC=C7)C8=CC=CC=C8,L1.1,2,CC1=CC(=O)N(Cc2ccccc2)C1=O,175,OB(O)c1ccccc1,7,2.5,50,-9.842777871,0,7
184,184,C12=CC=CC=C1C=CC(P(C3=CC=CC=C3)C4=CC=CC=C4)=C2C5=C(C=CC=C6)C6=CC=C5P(C7=CC=CC=C7)C8=CC=CC=C8,L1.1,2,CC1=CC(=O)c2ccccc2C1=O,53,OB(O)c1ccccc1,7,0.5,50,-14.22135851,0,5
185,185,C12=CC=CC=C1C=CC(P(C3=CC=CC=C3)C4=CC=CC=C4)=C2C5=C(C=CC=C6)C6=CC=C5P(C7=CC=CC=C7)C8=CC=CC=C8,L1.18,1,CCC/C=C(\C)[N+](=O)[O-],204,OB(O)c1ccccc1,7,98.5,100,12.982147179797291,1,4
186,186,C12=CC=CC=C1C=CC(P(C3=CC=CC=C3)C4=CC=CC=C4)=C2C5=C(C=CC=C6)C6=CC=C5P(C7=CC=CC=C7)C8=CC=CC=C8,L1.18,1,CCC/C=C/C(=O)OC,111,OB(O)c1ccccc1,7,93,100,8.024865092428724,1,3
187,187,C12=CC=CC=C1C=CC(P(C3=CC=CC=C3)C4=CC=CC=C4)=C2C5=C(C=CC=C6)C6=CC=C5P(C7=CC=CC=C7)C8=CC=CC=C8,L1.18,1,CCC/C=C/C(=O)OC(C)(C)C,115,OB(O)c1ccccc1,7,97.5,100,11.365720446897749,1,3
188,188,C12=CC=CC=C1C=CC(P(C3=CC=CC=C3)C4=CC=CC=C4)=C2C5=C(C=CC=C6)C6=CC=C5P(C7=CC=CC=C7)C8=CC=CC=C8,L1.18,1,CCC/C=C/C(=O)OC(C)C,113,OB(O)c1ccccc1,7,97,100,10.784141163895436,1,2
189,189,C12=CC=CC=C1C=CC(P(C3=CC=CC=C3)C4=CC=CC=C4)=C2C5=C(C=CC=C6)C6=CC=C5P(C7=CC=CC=C7)C8=CC=CC=C8,L1.18,1,CCC/C=C/C(=O)OCC,112,OB(O)c1ccccc1,7,95,100,9.134736505801508,1,5
190,190,C12=CC=CC=C1C=CC(P(C3=CC=CC=C3)C4=CC=CC=C4)=C2C5=C(C=CC=C6)C6=CC=C5P(C7=CC=CC=C7)C8=CC=CC=C8,L1.1,2,CCC1=CC(=O)N(Cc2ccccc2)C1=O,183,OB(O)c1ccccc1,7,2,50,-10.45603334,0,7
191,191,C12=CC=CC=C1C=CC(P(C3=CC=CC=C3)C4=CC=CC=C4)=C2C5=C(C=CC=C6)C6=CC=C5P(C7=CC=CC=C7)C8=CC=CC=C8,L1.18,1,CCCCC/C=C/C(=O)NCc1ccccc1,185,OB(O)c1ccccc1,7,95.5,100,9.477889153,1,1
192,192,C12=CC=CC=C1C=CC(P(C3=CC=CC=C3)C4=CC=CC=C4)=C2C5=C(C=CC=C6)C6=CC=C5P(C7=CC=CC=C7)C8=CC=CC=C8,L1.18,1,CCCCC/C=C/C(C)=O,19,OB(O)c1ccccc1,7,96,100,9.859496001,1,0
193,193,C12=CC=CC=C1C=CC(P(C3=CC=CC=C3)C4=CC=CC=C4)=C2C5=C(C=CC=C6)C6=CC=C5P(C7=CC=CC=C7)C8=CC=CC=C8,L1.1,2,CCOC(=O)/C=C/CN1C(=O)c2ccccc2C1=O,103,OB(O)c1ccccc1,7,29,100,-2.7778118,0,1
194,194,C12=CC=CC=C1C=CC(P(C3=CC=CC=C3)C4=CC=CC=C4)=C2C5=C(C=CC=C6)C6=CC=C5P(C7=CC=CC=C7)C8=CC=CC=C8,L1.1,2,CCOC(=O)/C=C/CNC(=O)OC(C)(C)C,101,OB(O)c1ccccc1,7,17.5,100,-4.810525499,0,8
195,195,C12=CC=CC=C1C=CC(P(C3=CC=CC=C3)C4=CC=CC=C4)=C2C5=C(C=CC=C6)C6=CC=C5P(C7=CC=CC=C7)C8=CC=CC=C8,L1.1,2,CCOC(=O)/C=C1/C(=O)N(Cc2ccccc2)c2ccccc21,189,OB(O)c1ccccc1,7,11,100,-6.486250575,0,4
196,196,C12=CC=CC=C1C=CC(P(C3=CC=CC=C3)C4=CC=CC=C4)=C2C5=C(C=CC=C6)C6=CC=C5P(C7=CC=CC=C7)C8=CC=CC=C8,L1.1,2,CN1C(=O)/C(=C/C(=O)OC(C)(C)C)c2ccccc21,188,OB(O)c1ccccc1,7,10,100,-6.816601634,0,4
197,197,C12=CC=CC=C1C=CC(P(C3=CC=CC=C3)C4=CC=CC=C4)=C2C5=C(C=CC=C6)C6=CC=C5P(C7=CC=CC=C7)C8=CC=CC=C8,L1.1,2,COC(=O)/C=C1/C(=O)N(Cc2ccccc2)c2ccccc21,187,OB(O)c1ccccc1,7,12,100,-6.181253777,0,9
198,198,C12=CC=CC=C1C=CC(P(C3=CC=CC=C3)C4=CC=CC=C4)=C2C5=C(C=CC=C6)C6=CC=C5P(C7=CC=CC=C7)C8=CC=CC=C8,L1.1,2,COc1ccc(/C=C/[N+](=O)[O-])cc1,218,OB(O)c1ccccc1,7,45,100,-0.622554565,0,2
199,199,C12=CC=CC=C1C=CC(P(C3=CC=CC=C3)C4=CC=CC=C4)=C2C5=C(C=CC=C6)C6=CC=C5P(C7=CC=CC=C7)C8=CC=CC=C8,L1.1,2,O=C1C=CC2(OCCO2)c2ccccc21,46,OB(O)c1ccccc1,7,4,20,-7.745708838,0,7
200,200,C12=CC=CC=C1C=CC(P(C3=CC=CC=C3)C4=CC=CC=C4)=C2C5=C(C=CC=C6)C6=CC=C5P(C7=CC=CC=C7)C8=CC=CC=C8,L1.18,1,O=C1C=CCC1,6,OB(O)c1ccccc1,7,98.5,100,12.982147179797291,1,1
201,201,C12=CC=CC=C1C=CC(P(C3=CC=CC=C3)C4=CC=CC=C4)=C2C5=C(C=CC=C6)C6=CC=C5P(C7=CC=CC=C7)C8=CC=CC=C8,L1.18,1,O=C1C=CCCC1,0,OB(O)c1ccccc1,7,99.5,100,16.42178532510618,1,0
202,202,C12=CC=CC=C1C=CC(P(C3=CC=CC=C3)C4=CC=CC=C4)=C2C5=C(C=CC=C6)C6=CC=C5P(C7=CC=CC=C7)C8=CC=CC=C8,L1.1,2,O=C1C=CCCN1Cc1ccccc1,177,OB(O)c1ccccc1,7,3.5,100,-10.28987591,0,0
203,203,C12=CC=CC=C1C=CC(P(C3=CC=CC=C3)C4=CC=CC=C4)=C2C5=C(C=CC=C6)C6=CC=C5P(C7=CC=CC=C7)C8=CC=CC=C8,L1.18,1,O=C1C=CCCO1,110,OB(O)c1ccccc1,7,99,100,14.25575783385418,1,8
204,204,C12=CC=CC=C1C=CC(P(C3=CC=CC=C3)C4=CC=CC=C4)=C2C5=C(C=CC=C6)C6=CC=C5P(C7=CC=CC=C7)C8=CC=CC=C8,L1.18,1,O=C1C=CCO1,109,OB(O)c1ccccc1,7,98,100,12.073863035611195,1,8
205,205,C12=CC=CC=C1C=CC(P(C3=CC=CC=C3)C4=CC=CC=C4)=C2C5=C(C=CC=C6)C6=CC=C5P(C7=CC=CC=C7)C8=CC=CC=C8,L1.18,1,O=[N+]([O-])C1=CCCC1,201,OB(O)c1ccccc1,7,86.5,100,5.762510154326968,1,9
206,206,C12=CC=CC=C1C=CC(P(C3=CC=CC=C3)C4=CC=CC=C4)=C2C5=C(C=CC=C6)C6=CC=C5P(C7=CC=CC=C7)C8=CC=CC=C8,L1.18,1,O=[N+]([O-])C1=CCCCC1,208,OB(O)c1ccccc1,7,99.5,100,16.42178532510618,1,3
207,207,C12=CC=CC=C1C=CC(P(C3=CC=CC=C3)C4=CC=CC=C4)=C2C5=C(C=CC=C6)C6=CC=C5P(C7=CC=CC=C7)C8=CC=CC=C8,L1.1,2,O=[N+]([O-])C1=CCCCC1Cc1ccccc1,211,OB(O)c1ccccc1,7,3.5,100,-10.28987591,0,0
208,208,C12=CC=CC=C1C=CC(P(C3=CC=CC=C3)C4=CC=CC=C4)=C2C5=C(C=CC=C6)C6=CC=C5P(C7=CC=CC=C7)C8=CC=CC=C8,L1.18,1,O=[N+]([O-])C1=CCCCCC1,212,OB(O)c1ccccc1,7,93.5,100,8.271410102019884,1,5
209,209,C12=CC=CC=C1C=CC(P(C3=CC=CC=C3)C4=CC=CC=C4)=C2C5=C(C=CC=C6)C6=CC=C5P(C7=CC=CC=C7)C8=CC=CC=C8,L1.1,2,O=[N+]([O-])c1ccc(/C=C/CCc2ccccc2)cc1,269,OB(O)c1ccccc1,7,1.5,80,-12.28633332,0,6
210,210,C12=CC=CC=C1C=CC(P(C3=CC=CC=C3)C4=CC=CC=C4)=C2C5=C(C=CC=C6)C6=CC=C5P(C7=CC=CC=C7)C8=CC=CC=C8,L1.1,2,O=c1ccoc2ccccc12,28,OB(O)c1ccccc1,7,1.5,70,-11.93842638,0,2
211,211,C12=CC=CC=C1C=CC(P(C3=CC=CC=C3)C4=CC=CC=C4)=C2C5=C(C=CC=C6)C6=CC=C5P(C7=CC=CC=C7)C8=CC=CC=C8,L1.18,1,O=C1C=CCCC1,0,OB(O)c1ccsc1,84,99.5,40,13.781273146340617,1,5
212,212,C12=CC=CC=C1C=CC(P(C3=CC=CC=C3)C4=CC=CC=C4)=C2C5=C(C=CC=C6)C6=CC=C5P(C7=CC=CC=C7)C8=CC=CC=C8,L1.18,1,C/C=C/P(=O)(OC)OC,195,c1ccc(B2OB(c3ccccc3)OB(c3ccccc3)O2)cc1,13,97,100,10.784141163895436,1,1
213,213,C12=CC=CC=C1C=CC(P(C3=CC=CC=C3)C4=CC=CC=C4)=C2C5=C(C=CC=C6)C6=CC=C5P(C7=CC=CC=C7)C8=CC=CC=C8,L1.18,1,C/C=C/P(=O)(OCC)OCC,196,c1ccc(B2OB(c3ccccc3)OB(c3ccccc3)O2)cc1,13,98,100,12.073863035611195,1,1
214,214,C12=CC=CC=C1C=CC(P(C3=CC=CC=C3)C4=CC=CC=C4)=C2C5=C(C=CC=C6)C6=CC=C5P(C7=CC=CC=C7)C8=CC=CC=C8,L1.18,1,C/C=C\P(=O)(OCC)OCC,197,c1ccc(B2OB(c3ccccc3)OB(c3ccccc3)O2)cc1,13,98.5,100,12.982147179797291,1,7
215,215,C12=CC=CC=C1C=CC(P(C3=CC=CC=C3)C4=CC=CC=C4)=C2C5=C(C=CC=C6)C6=CC=C5P(C7=CC=CC=C7)C8=CC=CC=C8,L1.1,2,CC(C)O/C=C/C(=O)OC(C)(C)C,93,c1ccc(B2OB(c3ccccc3)OB(c3ccccc3)O2)cc1,13,0.5,60,-14.66144387,0,0
216,216,C12=CC=CC=C1C=CC(P(C3=CC=CC=C3)C4=CC=CC=C4)=C2C5=C(C=CC=C6)C6=CC=C5P(C7=CC=CC=C7)C8=CC=CC=C8,L1.1,2,O=C1C=CCCN1Cc1ccccc1,177,c1ccc(B2OB(c3ccccc3)OB(c3ccccc3)O2)cc1,13,3,100,-10.78414116,0,5
217,217,C12=CC=CC=C1C=CC(P(C3=CC=CC=C3)C4=CC=CC=C4)=C2C5=C(C=CC=C6)C6=CC=C5P(C7=CC=CC=C7)C8=CC=CC=C8,L1.18,1,C/C=C/C(=O)NCc1ccccc1,160,c1ccc(B2OCCO2)cc1,35,95.5,100,9.477889153,1,6
218,218,C12=CC=CC=C1C=CC(P(C3=CC=CC=C3)C4=CC=CC=C4)=C2C5=C(C=CC=C6)C6=CC=C5P(C7=CC=CC=C7)C8=CC=CC=C8,L1.18,1,C/C=C/C(=O)OCc1ccccc1,100,c1ccc(B2OCCO2)cc1,35,93.5,100,8.271410102019884,1,9
219,219,C12=CC=CC=C1C=CC(P(C3=CC=CC=C3)C4=CC=CC=C4)=C2C5=C(C=CC=C6)C6=CC=C5P(C7=CC=CC=C7)C8=CC=CC=C8,L1.18,1,O=C1C=CCCC1,0,c1ccc(B2[C@H]3CCC[C@@H]2CCC3)cc1,2,99,80,13.491681305173802,1,2
220,220,C12=CC=CC=C1C=CC(P(C3=CC=CC=C3)C4=CC=CC=C4)=C2C5=C(C=CC=C6)C6=CC=C5P(C7=CC=CC=C7)C8=CC=CC=C8,L1.18,1,O=C1C=CCCCC1,15,c1ccc(B2[C@H]3CCC[C@@H]2CCC3)cc1,2,98,80,11.42673115644136,1,1
221,221,C12=CC=CC=C1C=CC(P(C3=CC=CC=C3)C4=CC=CC=C4)=C2C5=C(C=CC=C6)C6=CC=C5P(C7=CC=CC=C7)C8=CC=CC=C8,L1.18,1,C/C=C/P(=O)(OCC)OCC,196,c1ccc2cc(B3OB(c4ccc5ccccc5c4)OB(c4ccc5ccccc5c4)O3)ccc2c1,65,94.5,100,8.822677770172534,1,1
222,222,C12=CC=CC=C1C=CC3=C2C4=C(C=CC=C5)C5=CC=C4OP(CCCCP6OC7=CC=C8C(C=CC=C8)=C7C9=C(O6)C=CC%10=C9C=CC=C%10)O3,L1.98,2,O=C1C=CCCC1,0,OB(O)c1ccccc1,7,28.5,100,-2.853538506,0,5
223,223,C12=CC=CC=C1C=CC3=C2C4=C(C=CC=C5)C5=CC=C4OP(CCP6OC7=CC=C8C(C=CC=C8)=C7C9=C(O6)C=CC%10=C9C=CC=C%10)O3,L1.97,2,O=C1C=CCCCC1,15,OB(O)c1ccccc1,7,7.5,100,-7.794099338,0,7
224,224,C12C(OCC2)C=CC(P(C3=CC=CC=C3)C4=CC=CC=C4)=C1C5=C(OCC6)C6=CC=C5P(C7=CC=CC=C7)C8=CC=CC=C8,L1.30,1,O=C1C=CCCC1,0,CCCCCC/C=C/B(O)O,101,96.5,100,10.28987590712608,1,2
225,225,C12C(OCC2)C=CC(P(C3=CC=CC=C3)C4=CC=CC=C4)=C1C5=C(OCC6)C6=CC=C5P(C7=CC=CC=C7)C8=CC=CC=C8,L1.30,1,O=C1C=CCCC1,0,COc1ccc(B(O)O)cc1,10,98,100,12.073863035611195,1,2
226,226,C12C(OCC2)C=CC(P(C3=CC=CC=C3)C4=CC=CC=C4)=C1C5=C(OCC6)C6=CC=C5P(C7=CC=CC=C7)C8=CC=CC=C8,L1.30,1,O=C1C=CCCC1,0,Cc1cc(C)cc(B(O)O)c1,60,99.5,100,16.42178532510618,1,7
227,227,C12C(OCC2)C=CC(P(C3=CC=CC=C3)C4=CC=CC=C4)=C1C5=C(OCC6)C6=CC=C5P(C7=CC=CC=C7)C8=CC=CC=C8,L1.30,1,O=C1C=CCCC1,0,Cc1ccc(B(O)O)cc1,12,98.5,100,12.982147179797291,1,2
228,228,C12C(OCC2)C=CC(P(C3=CC=CC=C3)C4=CC=CC=C4)=C1C5=C(OCC6)C6=CC=C5P(C7=CC=CC=C7)C8=CC=CC=C8,L1.30,1,O=C1C=CCCC1,0,Cc1ccccc1B(O)O,6,94.5,100,8.822677770172534,1,2
229,229,C12C(OCC2)C=CC(P(C3=CC=CC=C3)C4=CC=CC=C4)=C1C5=C(OCC6)C6=CC=C5P(C7=CC=CC=C7)C8=CC=CC=C8,L1.30,1,O=C1C=CCCC1,0,OB(O)/C=C/c1ccccc1,89,94.5,100,8.822677770172534,1,3
230,230,C12C(OCC2)C=CC(P(C3=CC=CC=C3)C4=CC=CC=C4)=C1C5=C(OCC6)C6=CC=C5P(C7=CC=CC=C7)C8=CC=CC=C8,L1.30,1,O=C1C=CCCC1,0,OB(O)c1ccc(-c2ccccc2)cc1,31,99,100,14.25575783385418,1,0
231,231,C12C(OCC2)C=CC(P(C3=CC=CC=C3)C4=CC=CC=C4)=C1C5=C(OCC6)C6=CC=C5P(C7=CC=CC=C7)C8=CC=CC=C8,L1.30,1,O=C1C=CCCC1,0,OB(O)c1ccc(Cl)cc1,22,99,100,14.25575783385418,1,5
232,232,C12C(OCC2)C=CC(P(C3=CC=CC=C3)C4=CC=CC=C4)=C1C5=C(OCC6)C6=CC=C5P(C7=CC=CC=C7)C8=CC=CC=C8,L1.30,1,O=C1C=CCCC1,0,OB(O)c1cccc(Cl)c1,8,99,100,14.25575783385418,1,7
233,233,C12C(OCC2)C=CC(P(C3=CC=CC=C3)C4=CC=CC=C4)=C1C5=C(OCC6)C6=CC=C5P(C7=CC=CC=C7)C8=CC=CC=C8,L1.30,1,O=C1C=CCCCC1,15,OB(O)c1ccccc1,7,97.5,100,11.365720446897749,1,4
234,234,C12C(OCC2)C=CC(P(C3=CC=CC=C3)C4=CC=CC=C4)=C1C5=C(OCC6)C6=CC=C5P(C7=CC=CC=C7)C8=CC=CC=C8,L1.30,1,O=c1ccoc2ccccc12,28,OB(O)c1ccccc1,7,99.5,100,16.42178532510618,1,8
235,235,C12C(OCC2)C=CC(P(C3=CC=CC=C3)C4=CC=CC=C4)=C1C5=C(OCC6)C6=CC=C5P(C7=CC=CC=C7)C8=CC=CC=C8,L1.30,1,O=C1C=CCCC1,0,OB(O)c1ccccc1Cl,33,99.5,100,16.42178532510618,1,4
236,236,C12C(OCO2)C=CC(P(C3=CC=CC=C3)C4=CC=CC=C4)=C1C5=C(OCO6)C6=CC=C5P(C7=CC=CC=C7)C8=CC=CC=C8,L1.26,2,O=c1ccc2ccccc2o1,138,Cc1ccc(B(O)O)cc1,12,0.5,60,-14.66144387,0,6
237,237,C12C(OCO2)C=CC(P(C3=CC=CC=C3)C4=CC=CC=C4)=C1C5=C(OCO6)C6=CC=C5P(C7=CC=CC=C7)C8=CC=CC=C8,L1.26,2,O=c1ccc2ccccc2o1,138,Cc1cccc(B(O)O)c1,17,0.5,60,-14.66144387,0,6
238,238,C12C(OCO2)C=CC(P(C3=CC=CC=C3)C4=CC=CC=C4)=C1C5=C(OCO6)C6=CC=C5P(C7=CC=CC=C7)C8=CC=CC=C8,L1.26,2,CCOC(=O)/C=C1/C(=O)N(Cc2ccccc2)c2ccccc21,189,OB(O)c1ccccc1,7,11.5,100,-6.330866619,0,3
239,239,C12C(OCO2)C=CC(P(C3=CC=CC=C3)C4=CC=CC=C4)=C1C5=C(OCO6)C6=CC=C5P(C7=CC=CC=C7)C8=CC=CC=C8,L1.26,2,COC(=O)/C=C/c1cc(C)ccc1OC,139,OB(O)c1ccccc1,7,27.5,60,-2.685054485,0,8
240,240,C12C(OCO2)C=CC(P(C3=CC=CC=C3)C4=CC=CC=C4)=C1C5=C(OCO6)C6=CC=C5P(C7=CC=CC=C7)C8=CC=CC=C8,L1.26,2,Cc1ccc2oc(=O)ccc2c1,147,OB(O)c1ccccc1,7,0.5,60,-14.66144387,0,2
241,241,C12C(OCO2)C=CC(P(C3=CC=CC=C3)C4=CC=CC=C4)=C1C5=C(OCO6)C6=CC=C5P(C7=CC=CC=C7)C8=CC=CC=C8,L1.26,2,O=c1ccc2ccccc2o1,138,OB(O)c1ccccc1,7,0.5,60,-14.66144387,0,3
242,242,CC(C(C)=C(C)C=C1P(C2=CC=CC=C2)C3=CC=CC=C3)=C1C4=C(P(C5=CC=CC=C5)C6=CC=CC=C6)C=CC7=CC=CC=C74,L1.24,1,O=C1C=CCCC1,0,COc1cccc(B(O)O)c1,18,99,100,14.25575783385418,1,7
243,243,CC(C(C)=C(C)C=C1P(C2=CC=CC=C2)C3=CC=CC=C3)=C1C4=C(P(C5=CC=CC=C5)C6=CC=CC=C6)C=CC7=CC=CC=C74,L1.24,1,O=C1C=CCCC1,0,OB(O)c1ccccc1,7,99,100,14.25575783385418,1,1
244,244,CC(C)OC(C=C1)=CC(C1=CC=C2P(C3=CC=CC=C3)C4=CC=CC=C4)=C2C5=C(P(C6=CC=CC=C6)C7=CC=CC=C7)C=CC8=CC=C(OC(C)C)C=C85,L1.9,2,CC(=O)OC1CCCC=C1[N+](=O)[O-],209,OB(O)c1ccccc1,7,2.5,50,-9.842777871,0,6
245,245,CC(C)OC(C=C1)=CC(C1=CC=C2P(C3=CC=CC=C3)C4=CC=CC=C4)=C2C5=C(P(C6=CC=CC=C6)C7=CC=CC=C7)C=CC8=CC=C(OC(C)C)C=C85,L1.9,2,O=C1C=CCCC1,0,OB(O)c1ccccc1,7,2,100,-12.07386304,0,4
246,246,CC(C=C1)=CC=C1P(C2=CC=C(C)C=C2)C3=CC=C4C(C=CC=C4)=C3C5=C(P(C6=CC=C(C)C=C6)C7=CC=C(C)C=C7)C=CC8=CC=CC=C85,L1.3,2,C/C=C/S(=O)(=O)c1ccccn1,243,OB(O)c1ccccc1,7,20,100,-4.300796789,0,1
247,247,CC([P@@](C#CC(C)(C)C)CC[P@](C#CC(C)(C)C)C(C)(C)C)(C)C,L1.71,0,O=C1C=CCCC1,0,OB(O)c1ccccc1,7,27,50,-2.672221739,0,3
248,248,CC([P@@](C#CC)CC[P@](C#CC)C(C)(C)C)(C)C,L1.70,0,O=C1C=CCCC1,0,COc1ccc(B(O)O)cc1,10,0.5,40,-13.78127315,0,0
249,249,CC([P@@](C#CC)CC[P@](C#CC)C(C)(C)C)(C)C,L1.70,0,O=C1C=CCCC1,0,OB(O)c1ccc(C(F)(F)F)cc1,9,1,40,-11.96352825,0,7
250,250,CC([P@@](C#CC)CC[P@](C#CC)C(C)(C)C)(C)C,L1.70,0,CC(=O)/C=C/C(C)C,12,OB(O)c1ccccc1,7,0.5,40,-13.78127315,0,3
251,251,CC([P@@](C#CC)CC[P@](C#CC)C(C)(C)C)(C)C,L1.70,0,O=C1C=CCC1,6,OB(O)c1ccccc1,7,3.5,40,-8.635333352,0,2
252,252,CC([P@@](C#CC)CC[P@](C#CC)C(C)(C)C)(C)C,L1.70,0,O=C1C=CCCC1,0,OB(O)c1ccccc1,7,0.5,40,-13.78127315,0,5
253,253,CC([P@@](C#CC1=CC=CC=C1)CC[P@](C#CC2=CC=CC=C2)C(C)(C)C)(C)C,L1.72,0,O=C1C=CCCC1,0,COc1ccc(B(O)O)cc1,10,1,40,-11.96352825,0,1
254,254,CC([P@@](C#CC1=CC=CC=C1)CC[P@](C#CC2=CC=CC=C2)C(C)(C)C)(C)C,L1.72,0,O=C1C=CCCC1,0,OB(O)c1ccc(C(F)(F)F)cc1,9,2,40,-10.1324674,0,7
255,255,CC([P@@](C#CC1=CC=CC=C1)CC[P@](C#CC2=CC=CC=C2)C(C)(C)C)(C)C,L1.72,0,CC(=O)/C=C/C(C)C,12,OB(O)c1ccccc1,7,1.5,40,-10.89470559,0,2
256,256,CC([P@@](C#CC1=CC=CC=C1)CC[P@](C#CC2=CC=CC=C2)C(C)(C)C)(C)C,L1.72,0,O=C1C=CCC1,6,OB(O)c1ccccc1,7,4.5,40,-7.953908585,0,5
257,257,CC([P@@](C#CC1=CC=CC=C1)CC[P@](C#CC2=CC=CC=C2)C(C)(C)C)(C)C,L1.72,0,O=C1C=CCCC1,0,OB(O)c1ccccc1,7,0.5,40,-13.78127315,0,8
258,258,CC([P@@](C#C[Si](C(C)C)(C(C)C)C(C)C)CC[P@](C#C[Si](C(C)C)(C(C)C)C(C)C)C(C)(C)C)(C)C,L1.73,0,O=C1C=CCCC1,0,OB(O)c1ccccc1,7,16,70,-4.730840299,0,4
259,259,CC([P@@](C)C1=NC2=CC=CC=C2N=C1[P@@](C(C)(C)C)C)(C)C,L1.68,0,C/C=C/C(=O)c1ccccc1,39,CC(C)O[B-](OC(C)C)(OC(C)C)c1ccc(C(C)(C)C)cc1.[Li+],78,96.5,60,9.186847537073708,1,2
260,260,CC([P@@](C)C1=NC2=CC=CC=C2N=C1[P@@](C(C)(C)C)C)(C)C,L1.68,0,O=C1C=CCCCC1,15,CC(C)O[B-](OC(C)C)(OC(C)C)c1ccc(C2CCCCC2)cc1.[Li+],70,1,60,-12.72760478,0,0
261,261,CC([P@@](C)C1=NC2=CC=CC=C2N=C1[P@@](C(C)(C)C)C)(C)C,L1.68,0,O=C1C=CCCC1,0,CC(C)O[B-](OC(C)C)(OC(C)C)c1cccc(C(F)(F)F)c1.[Li+],41,1.5,60,-11.59051945,0,2
262,262,CC([P@@](C)C1=NC2=CC=CC=C2N=C1[P@@](C(C)(C)C)C)(C)C,L1.68,0,O=C1C=CCCC1,0,CC(C)O[B-](OC(C)C)(OC(C)C)c1cccc(F)c1.[Li+],44,0.5,60,-14.66144387,0,1
263,263,CC([P@@](C)C1=NC2=CC=CC=C2N=C1[P@@](C(C)(C)C)C)(C)C,L1.68,0,O=C1C=CCCCC1,15,CC(C)O[B-](OC(C)C)(OC(C)C)c1ccccc1.[Li+],69,1,60,-12.72760478,0,4
264,264,CC([P@@](C)C1=NC2=CC=CC=C2N=C1[P@@](C(C)(C)C)C)(C)C,L1.68,0,O=C1C=CCCC1,0,CCO[B-](OC(C)C)(OC(C)C)c1ccc(Cl)cc1.[Li+],54,0.5,60,-14.66144387,0,7
265,265,CC([P@@](C)C1=NC2=CC=CC=C2N=C1[P@@](C(C)(C)C)C)(C)C,L1.68,0,O=C1C=CCCC1,0,COc1ccc(B(O)O)cc1,10,3,40,-9.050124093,0,3
266,266,CC([P@@](C)C1=NC2=CC=CC=C2N=C1[P@@](C(C)(C)C)C)(C)C,L1.68,0,O=C1C=CCCC1,0,COc1ccc([B-](OC(C)C)(OC(C)C)OC(C)C)cc1.[Li+],52,0.5,60,-14.66144387,0,4
267,267,CC([P@@](C)C1=NC2=CC=CC=C2N=C1[P@@](C(C)(C)C)C)(C)C,L1.68,0,O=C1C=CCCC1,0,COc1ccc([B-](OC)(OC)OC)cc1.[Li+],51,0.5,60,-14.66144387,0,3
268,268,CC([P@@](C)C1=NC2=CC=CC=C2N=C1[P@@](C(C)(C)C)C)(C)C,L1.68,0,O=C1C=CCC1,6,COc1ccccc1[B-](OC(C)C)(OC(C)C)OC(C)C.[Li+],15,1.5,60,-11.59051945,0,5
269,269,CC([P@@](C)C1=NC2=CC=CC=C2N=C1[P@@](C(C)(C)C)C)(C)C,L1.68,0,CCC/C=C/C=O,85,Cc1cc(C)cc([B-](OC(C)C)(OC(C)C)OC(C)C)c1.[Li+],61,8.5,60,-6.58182205,0,2
270,270,CC([P@@](C)C1=NC2=CC=CC=C2N=C1[P@@](C(C)(C)C)C)(C)C,L1.68,0,O=C1C=CCCC1,0,Cc1cc(C)cc([B-](OC(C)C)(OC(C)C)OC(C)C)c1.[Li+],61,1,60,-12.72760478,0,4
271,271,CC([P@@](C)C1=NC2=CC=CC=C2N=C1[P@@](C(C)(C)C)C)(C)C,L1.68,0,O=C1C=CCCC1,0,Cc1cccc(B(O)O)c1,17,1.5,60,-11.59051945,0,2
272,272,CC([P@@](C)C1=NC2=CC=CC=C2N=C1[P@@](C(C)(C)C)C)(C)C,L1.68,0,O=C1C=CCCC1,0,OB(O)c1ccc(C(F)(F)F)cc1,9,0.5,50,-14.22135851,0,2
273,273,CC([P@@](C)C1=NC2=CC=CC=C2N=C1[P@@](C(C)(C)C)C)(C)C,L1.68,0,CC(=O)/C=C/C(C)C,12,OB(O)c1ccccc1,7,99.5,40,13.781273146340617,1,1
274,274,CC([P@@](C)C1=NC2=CC=CC=C2N=C1[P@@](C(C)(C)C)C)(C)C,L1.68,0,O=C1C=CCCC1,0,OB(O)c1ccccc1,7,1,40,-11.96352825,0,9
275,275,CC([P@@](C)C1=NC2=CC=CC=C2N=C1[P@@](C(C)(C)C)C)(C)C,L1.68,0,O=C1C=CCCCC1,15,OB(O)c1ccccc1,7,2,50,-10.45603334,0,0
276,276,CC1(C)O[C@@H](CP(C2=CC=CC=C2)C3=CC=CC=C3)[C@H](CP(C4=CC=CC=C4)C5=CC=CC=C5)O1,L1.56,0,C/C=C/C(=O)OC(C)C,97,COc1cccc(B(O)O)c1,18,46.5,100,-0.435043175,0,6
277,277,CC1(C)O[C@@H](CP(C2=CC=CC=C2)C3=CC=CC=C3)[C@H](CP(C4=CC=CC=C4)C5=CC=CC=C5)O1,L1.56,0,O=C1C=CCCC1,0,F[B-](F)(F)c1ccccc1.[K+],1,63,110,1.6953815033650554,1,4
278,278,CC1(C)O[C@@H](CP(C2=CC=CC=C2)C3=CC=CC=C3)[C@H](CP(C4=CC=CC=C4)C5=CC=CC=C5)O1,L1.56,0,C/C=C/C(=O)NCc1ccccc1,160,OB(O)c1ccccc1,7,53.5,100,0.4350431753893102,1,4
279,279,CC1(C)O[C@H](CP(C2=CC=CC=C2)C3=CC=CC=C3)[C@@H](CP(C4=CC=CC=C4)C5=CC=CC=C5)O1,L1.57,0,O=C1C=CCCC1,0,OB(O)c1ccccc1,7,62,100,1.5187592871885904,1,8
280,280,CC1=C(OC)C(C)=CC(P(C2=CC(C)=C(OC)C(C)=C2)C3=CC=C4C(C=CC=C4)=C3C5=C(P(C6=CC=CC=C6)C7=CC=CC=C7)C=CC8=CC=CC=C85)=C1,L1.2,2,O=C1C=CCCN1,176,Fc1ccc(B2OB(c3ccc(F)cc3)OB(c3ccc(F)cc3)O2)cc1,28,0.5,40,-13.78127315,0,6
281,281,CC1=C(OC)C(C)=CC(P(C2=CC(C)=C(OC)C(C)=C2)C3=CC=C4C(C=CC=C4)=C3C5=C(P(C6=CC=CC=C6)C7=CC=CC=C7)C=CC8=CC=CC=C85)=C1,L1.2,2,O=C1C=CCCN1Cc1ccccc1,177,Fc1ccc(B2OB(c3ccc(F)cc3)OB(c3ccc(F)cc3)O2)cc1,28,2,40,-10.1324674,0,7
282,282,CC1=C(OC)C(C)=CC(P(C2=CC(C)=C(OC)C(C)=C2)C3=CC=C4C(C=CC=C4)=C3C5=C(P(C6=CC=CC=C6)C7=CC=CC=C7)C=CC8=CC=CC=C85)=C1,L1.2,2,COC(=O)/C=C/c1cc(C)ccc1OC,139,OB(O)c1ccccc1,7,23.5,60,-3.269178868,0,5
283,283,CC1=C(OC)C(C)=CC(P(C2=CC(C)=C(OC)C(C)=C2)C3=CC=C4C(C=CC=C4)=C3C5=C(P(C6=CC=CC=C6)C7=CC=CC=C7)C=CC8=CC=CC=C85)=C1,L1.2,2,Cc1ccc2oc(=O)ccc2c1,147,OB(O)c1ccccc1,7,2,60,-10.77959928,0,6
284,284,CC1=CC(P(C2=C(C3=CC=CC=C3C=C2)C4=C5C=CC=CC5=CC=C4P(C6=CC=CC=C6)C7=CC=CC=C7)C8=CC(C)=C(C(C)=C8)OC)=CC(C)=C1OC,L1.20,1,C/C=C/P(=O)(OCC)OCC,196,Cc1ccc(B2OB(c3ccc(C)cc3)OB(c3ccc(C)cc3)O2)cc1,27,98,100,12.073863035611195,1,4
285,285,CC1=CC(P(C2=C(C3=CC=CC=C3C=C2)C4=C5C=CC=CC5=CC=C4P(C6=CC=CC=C6)C7=CC=CC=C7)C8=CC(C)=C(C(C)=C8)OC)=CC(C)=C1OC,L1.20,1,C/C=C\P(=O)(OCC)OCC,197,c1ccc(B2OB(c3ccccc3)OB(c3ccccc3)O2)cc1,13,96,100,9.859496001,1,4
286,286,CC1=CC(P(C2=C(C3=CC=CC=C3C=C2)C4=C5C=CC=CC5=CC=C4P(C6=CC=CC=C6)C7=CC=CC=C7)C8=CC(C)=C(C(C)=C8)OC)=CC(C)=C1OC,L1.20,1,C/C=C/P(=O)(OCC)OCC,196,c1ccc2cc(B3OB(c4ccc5ccccc5c4)OB(c4ccc5ccccc5c4)O3)ccc2c1,65,95.5,100,9.477889153,1,4
287,287,CC1=CC(P(C2=CC(C)=C(OC)C(C)=C2)C3=C(C4=C(C=CC=C5)C5=CC=C4P(C6=CC(C)=C(OC)C(C)=C6)C7=CC(C)=C(OC)C(C)=C7)C8=CC=CC=C8C=C3)=CC(C)=C1OC,L1.5,2,O=C1C=CCCN1,176,Clc1ccc(B2OB(c3ccc(Cl)cc3)OB(c3ccc(Cl)cc3)O2)cc1,29,1,60,-12.72760478,0,3
288,288,CC1=CC(P(C2=CC(C)=C(OC)C(C)=C2)C3=C(C4=C(C=CC=C5)C5=CC=C4P(C6=CC(C)=C(OC)C(C)=C6)C7=CC(C)=C(OC)C(C)=C7)C8=CC=CC=C8C=C3)=CC(C)=C1OC,L1.5,2,O=C1C=CCCN1,176,Fc1ccc(B2OB(c3ccc(F)cc3)OB(c3ccc(F)cc3)O2)cc1,28,1,40,-11.96352825,0,3
289,289,CC1=CC(P(C2=CC(C)=C(OC)C(C)=C2)C3=C(C4=C(C=CC=C5)C5=CC=C4P(C6=CC(C)=C(OC)C(C)=C6)C7=CC(C)=C(OC)C(C)=C7)C8=CC=CC=C8C=C3)=CC(C)=C1OC,L1.5,2,O=C1C=CCCN1Cc1ccccc1,177,Fc1ccc(B2OB(c3ccc(F)cc3)OB(c3ccc(F)cc3)O2)cc1,28,3,80,-10.20613547,0,7
290,290,CCCOC(C=C1)=CC(C1=CC=C2P(C3=CC=CC=C3)C4=CC=CC=C4)=C2C5=C(P(C6=CC=CC=C6)C7=CC=CC=C7)C=CC8=CC=C(OCCC)C=C85,L1.8,2,CC(=O)OC1CCCC=C1[N+](=O)[O-],209,OB(O)c1ccccc1,7,5,50,-7.910733222,0,4
291,291,CCCOC(C=C1)=CC(C1=CC=C2P(C3=CC=CC=C3)C4=CC=CC=C4)=C2C5=C(P(C6=CC=CC=C6)C7=CC=CC=C7)C=CC8=CC=C(OCCC)C=C85,L1.8,2,O=C1C=CCCC1,0,OB(O)c1ccccc1,7,0.5,100,-16.42178533,0,6
292,292,CCOC(C=C1)=CC(C1=CC=C2P(C3=CC=CC=C3)C4=CC=CC=C4)=C2C5=C(P(C6=CC=CC=C6)C7=CC=CC=C7)C=CC8=CC=C(OCC)C=C85,L1.7,2,CC(=O)OC1CCCC=C1[N+](=O)[O-],209,OB(O)c1ccccc1,7,3,50,-9.339126939,0,8
293,293,CCOC(C=C1)=CC(C1=CC=C2P(C3=CC=CC=C3)C4=CC=CC=C4)=C2C5=C(P(C6=CC=CC=C6)C7=CC=CC=C7)C=CC8=CC=C(OCC)C=C85,L1.7,2,O=C1C=CCCC1,0,OB(O)c1ccccc1,7,1,100,-14.25575783,0,6
294,294,CN(P1OC2=C(C3=C(O1)C=C(COCC4=CC(OP(N(C)C)O5)=C(C6=C5C=CC7=C6C=CC=C7)C8=C4C=CC=C8)C9=C3C=CC=C9)C%10=C(C=C2)C=CC=C%10)C,L1.90,2,O=C1C=CCCC1,0,COc1ccc([B-]23OCC(C)(CO2)CO3)cn1.[Li+],82,16.5,95,-4.963043658,0,0
295,295,CN(P1OC2=C(C3=C(O1)C=C(COCC4=CC(OP(N(C)C)O5)=C(C6=C5C=CC7=C6C=CC=C7)C8=C4C=CC=C8)C9=C3C=CC=C9)C%10=C(C=C2)C=CC=C%10)C,L1.90,2,CCCCC/C=C/C(C)=O,19,COc1cccc(B(O)O)c1,18,8.5,5,-5.495223783,0,7
296,296,CN(P1OC2=C(C3=C(O1)C=C(COCC4=CC(OP(N(C)C)O5)=C(C6=C5C=CC7=C6C=CC=C7)C8=C4C=CC=C8)C9=C3C=CC=C9)C%10=C(C=C2)C=CC=C%10)C,L1.90,2,CCCCC/C=C/C(C)=O,19,OB(O)c1ccccc1,7,8,5,-5.648023015,0,9
297,297,CN(P1OC2=C(C3=C(O1)C=C(COCC4=CC(OP(N(C)C)O5)=C(C6=C5C=CC7=C6C=CC=C7)C8=C4C=CC=C8)C9=C3C=CC=C9)C%10=C(C=C2)C=CC=C%10)C,L1.90,2,O=C1C=CCCC1,0,OB(O)c1ccccc1,7,1.5,50,-11.24261252,0,3
298,298,COC(C=C1)=CC=C1[P@@](C2=CC=CC=C2)CC[P@](C3=CC=CC=C3)C4=CC=C(OC)C=C4,L1.58,0,O=C1C=CCCC1,0,COc1ccc([B-](OC(C)C)(OC(C)C)OC(C)C)cc1.[Li+],52,52,60,0.2217030201028008,1,5
299,299,COC(C=C1)=CC=C1[P@@](C2=CC=CC=C2)CC[P@](C3=CC=CC=C3)C4=CC=C(OC)C=C4,L1.58,0,O=C1C=CCCC1,0,F[B-](F)(F)c1ccccc1.[K+],1,51.5,110,0.1911879161468672,1,3
300,300,COC(C=CC=C1P(C2=CC=C(C(F)(F)F)C=C2)C3=CC=C(C(F)(F)F)C=C3)=C1C4=C(P(C5=CC=C(C(F)(F)F)C=C5)C6=CC=C(C(F)(F)F)C=C6)C=CC=C4OC,L1.39,2,O=C1C=CCCC1,0,OB(O)c1ccccc1,7,2,20,-9.485335519,0,9
301,301,COC(C=CC=C1P(C2=CC=CC=C2)C3=CC=CC=C3)=C1C4=C(P(C5=CC=CC=C5)C6=CC=CC=C6)C=CC7=CC=CC=C74,L1.22,1,O=C1C=CCCC1,0,COc1ccc([B-](F)(F)F)cn1.[K+],86,95.5,95,9.350890773,1,9
302,302,COC(C=CC=C1P(C2=CC=CC=C2)C3=CC=CC=C3)=C1C4=C(P(C5=CC=CC=C5)C6=CC=CC=C6)C=CC7=CC=CC=C74,L1.22,1,O=C1C=CCCC1,0,COc1cccc(B(O)O)c1,18,97.5,100,11.365720446897749,1,7
303,303,COC(C=CC=C1P(C2=CC=CC=C2)C3=CC=CC=C3)=C1C4=C(P(C5=CC=CC=C5)C6=CC=CC=C6)C=CC7=CC=CC=C74,L1.22,1,O=C1C=CCCC1,0,OB(O)c1cccc2ccccc12,24,98,100,12.073863035611195,1,0
304,304,COC(C=CC=C1P(C2=CC=CC=C2)C3=CC=CC=C3)=C1C4=C(P(C5=CC=CC=C5)C6=CC=CC=C6)C=CC7=CC=CC=C74,L1.22,1,O=C1C=CCCC1,0,OB(O)c1ccccc1,7,99,100,14.25575783385418,1,7
305,305,COC(C=CC=C1P(C2=CC=CC=C2)C3=CC=CC=C3)=C1C4=C(P(C5=CC=CC=C5)C6=CC=CC=C6)C=CC=C4OC,L1.38,2,O=C1C=CCCC1,0,C=C[B-](F)(F)F.[K+],97,5.5,110,-9.059115604,0,0
306,306,COC(C=CC=C1P(C2=CC=CC=C2)C3=CC=CC=C3)=C1C4=C(P(C5=CC=CC=C5)C6=CC=CC=C6)C=CC=C4OC,L1.45,1,O=C1C=CCCC1,0,COc1cccc(B(O)O)c1,18,98,100,12.073863035611195,1,9
307,307,COC(C=CC=C1P(C2=CC=CC=C2)C3=CC=CC=C3)=C1C4=C(P(C5=CC=CC=C5)C6=CC=CC=C6)C=CC=C4OC,L1.45,1,O=C1C=CCCC1,0,OB(O)c1cccc2ccccc12,24,98.5,100,12.982147179797291,1,8
308,308,COC(C=CC=C1P(C2=CC=CC=C2)C3=CC=CC=C3)=C1C4=C(P(C5=CC=CC=C5)C6=CC=CC=C6)C=CC=C4OC,L1.45,1,O=C1C=CCCC1,0,OB(O)c1ccccc1,7,99,100,14.25575783385418,1,7
309,309,COC1=C(C2=C(C=CC=C2OC)P(C3=CC(C(F)(F)F)=C(C4=NC=CC=C4)C(C(F)(F)F)=C3)C5=CC(C(F)(F)F)=C(C6=NC=CC=C6)C(C(F)(F)F)=C5)C(P(C7=CC(C(F)(F)F)=C(C8=NC=CC=C8)C(C(F)(F)F)=C7)C9=CC(C(F)(F)F)=C(C%10=CC=CC=N%10)C(C(F)(F)F)=C9)=CC=C1,L1.44,2,O=C1C=CCCC1,0,OB(O)c1ccccc1,7,2,0,-8.83820364,0,9
310,310,COC1=CC(P(C2=CC=CC=C2)C3=CC=CC=C3)=C(C4=C(OC)N=C(OC)C=C4P(C5=CC=CC=C5)C6=CC=CC=C6)C(OC)=N1,L1.54,1,O=C1C=CCCC1,0,COc1c(C)cc(B(O)O)cc1C,62,99.5,100,16.42178532510618,1,4
311,311,COC1=CC(P(C2=CC=CC=C2)C3=CC=CC=C3)=C(C4=C(OC)N=C(OC)C=C4P(C5=CC=CC=C5)C6=CC=CC=C6)C(OC)=N1,L1.54,1,O=C1C=CCCCC1,15,COc1ccc(B(O)O)cc1,10,99.5,100,16.42178532510618,1,7
312,312,COC1=CC(P(C2=CC=CC=C2)C3=CC=CC=C3)=C(C4=C(OC)N=C(OC)C=C4P(C5=CC=CC=C5)C6=CC=CC=C6)C(OC)=N1,L1.54,1,O=C1C=CCCC1,0,COc1cccc(B(O)O)c1,18,99.5,100,16.42178532510618,1,7
313,313,COC1=CC(P(C2=CC=CC=C2)C3=CC=CC=C3)=C(C4=C(OC)N=C(OC)C=C4P(C5=CC=CC=C5)C6=CC=CC=C6)C(OC)=N1,L1.54,1,O=C1C=CCCC1,0,OB(O)c1ccc(C(F)(F)F)cc1,9,99.5,100,16.42178532510618,1,6
314,314,COC1=CC(P(C2=CC=CC=C2)C3=CC=CC=C3)=C(C4=C(OC)N=C(OC)C=C4P(C5=CC=CC=C5)C6=CC=CC=C6)C(OC)=N1,L1.54,1,O=C1C=CCCC1,0,OB(O)c1ccc(F)cc1,21,98,100,12.073863035611195,1,3
315,315,COC1=CC(P(C2=CC=CC=C2)C3=CC=CC=C3)=C(C4=C(OC)N=C(OC)C=C4P(C5=CC=CC=C5)C6=CC=CC=C6)C(OC)=N1,L1.54,1,O=C1C=CCCC1,0,OB(O)c1ccc2ccccc2c1,11,98.5,100,12.982147179797291,1,3
316,316,COC1=CC(P(C2=CC=CC=C2)C3=CC=CC=C3)=C(C4=C(OC)N=C(OC)C=C4P(C5=CC=CC=C5)C6=CC=CC=C6)C(OC)=N1,L1.54,1,O=C1C=CCCC1,0,OB(O)c1cccc(Cl)c1,8,99.5,100,16.42178532510618,1,1
317,317,COC1=CC(P(C2=CC=CC=C2)C3=CC=CC=C3)=C(C4=C(OC)N=C(OC)C=C4P(C5=CC=CC=C5)C6=CC=CC=C6)C(OC)=N1,L1.54,1,CC(=O)/C=C/C(C)C,12,OB(O)c1ccccc1,7,95,100,9.134736505801508,1,2
318,318,COC1=CC(P(C2=CC=CC=C2)C3=CC=CC=C3)=C(C4=C(OC)N=C(OC)C=C4P(C5=CC=CC=C5)C6=CC=CC=C6)C(OC)=N1,L1.54,1,CN1C(=O)C=CC1=O,168,OB(O)c1ccccc1,7,64,50,1.545813069360322,1,7
319,319,COC1=CC(P(C2=CC=CC=C2)C3=CC=CC=C3)=C(C4=C(OC)N=C(OC)C=C4P(C5=CC=CC=C5)C6=CC=CC=C6)C(OC)=N1,L1.55,2,Cc1ccc2oc(=O)ccc2c1,147,OB(O)c1ccccc1,7,1.5,50,-11.24261252,0,6
320,320,COC1=CC(P(C2=CC=CC=C2)C3=CC=CC=C3)=C(C4=C(OC)N=C(OC)C=C4P(C5=CC=CC=C5)C6=CC=CC=C6)C(OC)=N1,L1.54,1,O=C1C=CCCCC1,15,OB(O)c1ccccc1,7,99,100,14.25575783385418,1,3
321,321,COC1=CC=C2C(C(C3=C(C=C(OC)C=C4)C4=CC=C3P(C5=CC=CC=C5)C6=CC=CC=C6)=C(P(C7=CC=CC=C7)C8=CC=CC=C8)C=C2)=C1,L1.6,2,CC(=O)OC1CCCC=C1[N+](=O)[O-],209,OB(O)c1ccccc1,7,1.5,50,-11.24261252,0,9
322,322,COC1=CC=C2C(C(C3=C(C=C(OC)C=C4)C4=CC=C3P(C5=CC=CC=C5)C6=CC=CC=C6)=C(P(C7=CC=CC=C7)C8=CC=CC=C8)C=C2)=C1,L1.6,2,O=C1C=CCCC1,0,OB(O)c1ccccc1,7,3,100,-10.78414116,0,6
323,323,C[C@@H](P(C1=CC=CC=C1)C2=CC=CC=C2)[C@@H](C)P(C3=CC=CC=C3)C4=CC=CC=C4,L1.65,0,CCCCOC(=O)c1nc(N(Cc2ccccc2)C(C)C)ccc1/C=C/C(=O)OC(C)(C)C,137,COc1ccc(B(O)O)cc1,10,4,50,-8.538379024,0,1
324,324,C[C@@H](P(C1=CC=CC=C1)C2=CC=CC=C2)[C@@H](C)P(C3=CC=CC=C3)C4=CC=CC=C4,L1.65,0,C/C=C/C(=O)OC(C)C,97,COc1cccc(B(O)O)c1,18,12.5,100,-6.036931518,0,9
325,325,C[C@@H](P(C1=CC=CC=C1)C2=CC=CC=C2)[C@@H](C)P(C3=CC=CC=C3)C4=CC=CC=C4,L1.65,0,CC(C)/C=C/C(=O)OC(C)C,114,COc1cccc(B(O)O)c1,18,11.5,100,-6.330866619,0,5
326,326,C[C@@H](P(C1=CC=CC=C1)C2=CC=CC=C2)[C@@H](C)P(C3=CC=CC=C3)C4=CC=CC=C4,L1.65,0,CCCCOC(=O)c1nc(N(Cc2ccccc2)C(C)C)ccc1/C=C/C(=O)OC(C)(C)C,137,OB(O)c1ccc(Br)c(F)c1,118,2.5,50,-9.842777871,0,9
327,327,C[C@@H](P(C1=CC=CC=C1)C2=CC=CC=C2)[C@@H](C)P(C3=CC=CC=C3)C4=CC=CC=C4,L1.65,0,CCCCOC(=O)c1nc(N(Cc2ccccc2)C(C)C)ccc1/C=C/C(=O)OC(C)(C)C,137,OB(O)c1ccc2c(c1)OCCO2,57,5,50,-7.910733222,0,5
328,328,C[C@@H](P(C1=CC=CC=C1)C2=CC=CC=C2)[C@@H](C)P(C3=CC=CC=C3)C4=CC=CC=C4,L1.65,0,CCCCOC(=O)c1nc(N(Cc2ccccc2)C(C)C)ccc1/C=C/C(=O)OC(C)(C)C,137,OB(O)c1ccc2c(c1)OCO2,74,5,50,-7.910733222,0,1
329,329,C[C@@H](P(C1=CC=CC=C1)C2=CC=CC=C2)[C@@H](C)P(C3=CC=CC=C3)C4=CC=CC=C4,L1.65,0,C/C=C/C(=O)NCc1ccccc1,160,OB(O)c1ccccc1,7,74,100,3.244980525170415,1,4
330,330,C[C@@H](P(C1=CC=CC=C1)C2=CC=CC=C2)[C@@H](C)P(C3=CC=CC=C3)C4=CC=CC=C4,L1.65,0,CCCCOC(=O)c1nc(N(Cc2ccccc2)C(C)C)ccc1/C=C/C(=O)OC(C)(C)C,137,OB(O)c1ccccc1,7,5,50,-7.910733222,0,0
331,331,C[C@@H]1CC[C@@H](C)P1C2=CC=CC=C2P3[C@H](C)CC[C@H]3C,L1.59,0,CC(=O)/C=C/c1ccc2c(c1)OCO2,83,CO[C@H](C/C=C/[B-](F)(F)F)c1ccccc1.[K+],105,52,80,0.2350125215347564,1,8
332,332,C[C@H](P(C1=CC=CC=C1)C2=CC=CC=C2)[C@H](C)P(C3=CC=CC=C3)C4=CC=CC=C4,L1.66,0,C/C(=C\S(=O)(=O)c1ccccn1)c1ccc(Cl)cc1,250,C/C=C/B(O)O,137,95,100,9.134736505801508,1,1
333,333,C[C@H](P(C1=CC=CC=C1)C2=CC=CC=C2)[C@H](C)P(C3=CC=CC=C3)C4=CC=CC=C4,L1.66,0,C/C(=C\S(=O)(=O)c1ccccn1)c1ccccc1,249,C/C=C/B(O)O,137,94.5,100,8.822677770172534,1,8
334,334,C[C@H](P(C1=CC=CC=C1)C2=CC=CC=C2)[C@H](C)P(C3=CC=CC=C3)C4=CC=CC=C4,L1.66,0,C/C=C/S(=O)(=O)c1ccccn1,243,C/C=C/B(O)O,137,71.5,100,2.8535385059735283,1,3
335,335,C[C@H](P(C1=CC=CC=C1)C2=CC=CC=C2)[C@H](C)P(C3=CC=CC=C3)C4=CC=CC=C4,L1.66,0,CC(C)(C)OC(=O)/C=C/c1ccccc1,127,CN(C)c1ccc(B(O)O)cc1,117,91,50,6.215971472910288,1,3
336,336,C[C@H](P(C1=CC=CC=C1)C2=CC=CC=C2)[C@H](C)P(C3=CC=CC=C3)C4=CC=CC=C4,L1.66,0,C/C=C/S(=O)(=O)c1ccccn1,243,COc1ccc(B(O)O)cc1,10,88.5,100,6.330866619,1,9
337,337,C[C@H](P(C1=CC=CC=C1)C2=CC=CC=C2)[C@H](C)P(C3=CC=CC=C3)C4=CC=CC=C4,L1.66,0,CC(=O)/C=C/c1ccccc1,35,COc1ccc(B(O)O)cc1,10,94.5,0,6.4582994316565125,1,3
338,338,C[C@H](P(C1=CC=CC=C1)C2=CC=CC=C2)[C@H](C)P(C3=CC=CC=C3)C4=CC=CC=C4,L1.66,0,CC(C)(C)OC(=O)/C=C/c1ccccc1,127,COc1ccc(B(O)O)cc1,10,96.5,50,8.911090444560614,1,6
339,339,C[C@H](P(C1=CC=CC=C1)C2=CC=CC=C2)[C@H](C)P(C3=CC=CC=C3)C4=CC=CC=C4,L1.66,0,CC(C)/C=C/S(=O)(=O)c1ccccn1,246,COc1ccc(B(O)O)cc1,10,88,100,6.181253776842806,1,3
340,340,C[C@H](P(C1=CC=CC=C1)C2=CC=CC=C2)[C@H](C)P(C3=CC=CC=C3)C4=CC=CC=C4,L1.66,0,CC(C)OC(=O)/C=C/c1ccccc1,126,COc1ccc(B(O)O)cc1,10,96,20,7.745708837767083,1,5
341,341,C[C@H](P(C1=CC=CC=C1)C2=CC=CC=C2)[C@H](C)P(C3=CC=CC=C3)C4=CC=CC=C4,L1.66,0,CCCCC/C=C/S(=O)(=O)c1ccccn1,247,COc1ccc(B(O)O)cc1,10,90.5,100,6.992920050439323,1,8
342,342,C[C@H](P(C1=CC=CC=C1)C2=CC=CC=C2)[C@H](C)P(C3=CC=CC=C3)C4=CC=CC=C4,L1.66,0,COC(=O)/C=C/c1ccccc1,124,COc1ccc(B(O)O)cc1,10,92,20,5.9526081138412605,1,5
343,343,C[C@H](P(C1=CC=CC=C1)C2=CC=CC=C2)[C@H](C)P(C3=CC=CC=C3)C4=CC=CC=C4,L1.66,0,O=S(=O)(/C=C/c1ccc2ccccc2c1)c1ccccn1,248,COc1ccc(B(O)O)cc1,10,7.5,100,-7.794099338,0,6
344,344,C[C@H](P(C1=CC=CC=C1)C2=CC=CC=C2)[C@H](C)P(C3=CC=CC=C3)C4=CC=CC=C4,L1.66,0,CC(C)(C)OC(=O)/C=C/c1ccccc1,127,COc1ccc(B(O)O)cc1OC,58,94,50,7.392464903108631,1,1
345,345,C[C@H](P(C1=CC=CC=C1)C2=CC=CC=C2)[C@H](C)P(C3=CC=CC=C3)C4=CC=CC=C4,L1.66,0,O=C1C=CCCC1,0,COc1ccc([B-]23OCC(C)(CO2)CO3)cn1.[Li+],82,97,95,10.639639741358984,1,6
346,346,C[C@H](P(C1=CC=CC=C1)C2=CC=CC=C2)[C@H](C)P(C3=CC=CC=C3)C4=CC=CC=C4,L1.66,0,CC(=O)/C=C/c1ccc2ccccc2c1,67,COc1cccc(B(O)O)c1,18,8.5,20,-5.791568765,0,8
347,347,C[C@H](P(C1=CC=CC=C1)C2=CC=CC=C2)[C@H](C)P(C3=CC=CC=C3)C4=CC=CC=C4,L1.66,0,CC(C)(C)OC(=O)/C=C/c1ccc(C(F)(F)F)cc1,140,COc1cccc(B(O)O)c1,18,92.5,89,7.564338939044606,1,5
348,348,C[C@H](P(C1=CC=CC=C1)C2=CC=CC=C2)[C@H](C)P(C3=CC=CC=C3)C4=CC=CC=C4,L1.66,0,CC(C)(C)OC(=O)/C=C/c1ccc2ccccc2c1,152,COc1cccc(B(O)O)c1,18,89,80,6.138602145629283,1,4
349,349,C[C@H](P(C1=CC=CC=C1)C2=CC=CC=C2)[C@H](C)P(C3=CC=CC=C3)C4=CC=CC=C4,L1.66,0,COc1ccc(/C=C/C(=O)OC(C)(C)C)cc1,135,COc1cccc(B(O)O)c1,18,95,80,8.645135192345712,1,6
350,350,C[C@H](P(C1=CC=CC=C1)C2=CC=CC=C2)[C@H](C)P(C3=CC=CC=C3)C4=CC=CC=C4,L1.66,0,COc1ccc(C(=O)/C=C/c2ccccc2)cc1,73,COc1cccc(B(O)O)c1,18,91.5,20,5.791568764566212,1,5
351,351,C[C@H](P(C1=CC=CC=C1)C2=CC=CC=C2)[C@H](C)P(C3=CC=CC=C3)C4=CC=CC=C4,L1.66,0,COc1ccccc1/C=C/C(=O)OC(C)(C)C,133,COc1cccc(B(O)O)c1,18,95.5,80,8.969895630538362,1,0
352,352,C[C@H](P(C1=CC=CC=C1)C2=CC=CC=C2)[C@H](C)P(C3=CC=CC=C3)C4=CC=CC=C4,L1.66,0,O=C(/C=C/c1ccccc1)c1ccccc1,68,COc1cccc(B(O)O)c1,18,93,20,6.304406275882301,1,4
353,353,C[C@H](P(C1=CC=CC=C1)C2=CC=CC=C2)[C@H](C)P(C3=CC=CC=C3)C4=CC=CC=C4,L1.66,0,CC(C)(C)OC(=O)/C=C/c1ccccc1,127,COc1ccccc1B(O)O,14,95,50,7.910733222162019,1,9
354,354,C[C@H](P(C1=CC=CC=C1)C2=CC=CC=C2)[C@H](C)P(C3=CC=CC=C3)C4=CC=CC=C4,L1.66,0,C/C(=C\S(=O)(=O)c1ccccn1)c1ccc(Cl)cc1,250,OB(O)/C=C/Cc1ccccc1,138,94,100,8.536278132740168,1,8
355,355,C[C@H](P(C1=CC=CC=C1)C2=CC=CC=C2)[C@H](C)P(C3=CC=CC=C3)C4=CC=CC=C4,L1.66,0,C/C(=C\S(=O)(=O)c1ccccn1)c1ccccc1,249,OB(O)/C=C/Cc1ccccc1,138,99.5,100,16.42178532510618,1,2
356,356,C[C@H](P(C1=CC=CC=C1)C2=CC=CC=C2)[C@H](C)P(C3=CC=CC=C3)C4=CC=CC=C4,L1.66,0,C/C=C/S(=O)(=O)c1ccccn1,243,OB(O)/C=C/Cc1ccccc1,138,96,100,9.859496001,1,5
357,357,C[C@H](P(C1=CC=CC=C1)C2=CC=CC=C2)[C@H](C)P(C3=CC=CC=C3)C4=CC=CC=C4,L1.66,0,C/C(=C\S(=O)(=O)c1ccccn1)c1ccc(Cl)cc1,250,OB(O)/C=C/c1ccccc1,89,96,100,9.859496001,1,0
358,358,C[C@H](P(C1=CC=CC=C1)C2=CC=CC=C2)[C@H](C)P(C3=CC=CC=C3)C4=CC=CC=C4,L1.66,0,C/C(=C\S(=O)(=O)c1ccccn1)c1ccccc1,249,OB(O)/C=C/c1ccccc1,89,97,100,10.784141163895436,1,6
359,359,C[C@H](P(C1=CC=CC=C1)C2=CC=CC=C2)[C@H](C)P(C3=CC=CC=C3)C4=CC=CC=C4,L1.66,0,C/C=C/S(=O)(=O)c1ccccn1,243,OB(O)/C=C/c1ccccc1,89,92.5,100,7.794099337579717,1,3
360,360,C[C@H](P(C1=CC=CC=C1)C2=CC=CC=C2)[C@H](C)P(C3=CC=CC=C3)C4=CC=CC=C4,L1.66,0,C/C=C/S(=O)(=O)c1ccccn1,243,OB(O)c1ccc(F)cc1,21,92,100,7.577061974006026,1,3
361,361,C[C@H](P(C1=CC=CC=C1)C2=CC=CC=C2)[C@H](C)P(C3=CC=CC=C3)C4=CC=CC=C4,L1.66,0,CC(C)/C=C/S(=O)(=O)c1ccccn1,246,OB(O)c1ccc(F)cc1,21,92.5,100,7.794099337579717,1,7
362,362,C[C@H](P(C1=CC=CC=C1)C2=CC=CC=C2)[C@H](C)P(C3=CC=CC=C3)C4=CC=CC=C4,L1.66,0,CCCCC/C=C/S(=O)(=O)c1ccccn1,247,OB(O)c1ccc(F)cc1,21,6.5,100,-8.271410102,0,3
363,363,C[C@H](P(C1=CC=CC=C1)C2=CC=CC=C2)[C@H](C)P(C3=CC=CC=C3)C4=CC=CC=C4,L1.66,0,O=S(=O)(/C=C/c1ccc2ccccc2c1)c1ccccn1,248,OB(O)c1ccc(F)cc1,21,4,100,-9.859496001,0,6
364,364,C[C@H](P(C1=CC=CC=C1)C2=CC=CC=C2)[C@H](C)P(C3=CC=CC=C3)C4=CC=CC=C4,L1.66,0,CC(=O)/C=C/c1ccccc1,35,OB(O)c1ccc2c(c1)OCO2,74,94.5,20,6.9311750993597165,1,5
365,365,C[C@H](P(C1=CC=CC=C1)C2=CC=CC=C2)[C@H](C)P(C3=CC=CC=C3)C4=CC=CC=C4,L1.66,0,CC(C)(C)OC(=O)/C=C/c1ccccc1,127,OB(O)c1ccc2c(c1)OCO2,74,97,50,9.339126938530914,1,6
366,366,C[C@H](P(C1=CC=CC=C1)C2=CC=CC=C2)[C@H](C)P(C3=CC=CC=C3)C4=CC=CC=C4,L1.66,0,CCCOc1ccc(/C=C/C(=O)OC(C)(C)C)c(C(=O)OC)c1,141,OB(O)c1ccc2c(c1)OCO2,74,5.5,60,-7.876926435,0,2
367,367,C[C@H](P(C1=CC=CC=C1)C2=CC=CC=C2)[C@H](C)P(C3=CC=CC=C3)C4=CC=CC=C4,L1.66,0,CCCOc1ccc2c(c1)C(=O)C=C2,24,OB(O)c1ccc2c(c1)OCO2,74,54,50,0.4307876433690973,1,9
368,368,C[C@H](P(C1=CC=CC=C1)C2=CC=CC=C2)[C@H](C)P(C3=CC=CC=C3)C4=CC=CC=C4,L1.66,0,C/C=C/S(=O)(=O)c1ccccn1,243,OB(O)c1ccccc1,7,90.5,100,6.992920050439323,1,5
369,369,C[C@H](P(C1=CC=CC=C1)C2=CC=CC=C2)[C@H](C)P(C3=CC=CC=C3)C4=CC=CC=C4,L1.66,0,CC(C)/C=C/S(=O)(=O)c1ccccn1,246,OB(O)c1ccccc1,7,89,100,6.486250575,1,5
370,370,C[C@H](P(C1=CC=CC=C1)C2=CC=CC=C2)[C@H](C)P(C3=CC=CC=C3)C4=CC=CC=C4,L1.66,0,CCCCC/C=C/S(=O)(=O)c1ccccn1,247,OB(O)c1ccccc1,7,92,100,7.577061974006026,1,9
371,371,C[C@H](P(C1=CC=CC=C1)C2=CC=CC=C2)[C@H](C)P(C3=CC=CC=C3)C4=CC=CC=C4,L1.66,0,O=C1C=CCCC1,0,OB(O)c1ccccc1,7,70,100,2.6286307005613745,1,3
372,372,C[C@H](P(C1=CC=CC=C1)C2=CC=CC=C2)[C@H](C)P(C3=CC=CC=C3)C4=CC=CC=C4,L1.66,0,O=S(=O)(/C=C/c1ccc2ccccc2c1)c1ccccn1,248,OB(O)c1ccccc1,7,6.4,100,-8.32282608,0,1
373,373,C[C@H](P(C1=CC=CC=C1)C2=CC=CC=C2)[C@H](C)P(C3=CC=CC=C3)C4=CC=CC=C4,L1.66,0,C/C=C/S(=O)(=O)c1ccccn1,243,OB(O)c1ccccc1F,16,88,100,6.181253776842806,1,6
374,374,C[C@H]1CC[C@H](C)P1C2=CC=CC=C2P3[C@@H](C)CC[C@@H]3C,L1.60,0,C/C=C/C(=O)OC(C)C,97,COc1cccc(B(O)O)c1,18,35.5,100,-1.852525501,0,8
375,375,C[C@H]1CC[C@H](C)P1C2=CC=CC=C2P3[C@@H](C)CC[C@@H]3C,L1.60,0,C/C=C/C(=O)NCc1ccccc1,160,OB(O)c1ccccc1,7,71.5,100,2.8535385059735283,1,2
376,376,C[P@](C(C)(C)C)CC[P@](C)C(C)(C)C,L1.74,0,O=C1C=CCCC1,0,OB(O)c1ccccc1,7,40,40,-1.055640208,0,4
377,377,C[Si](C#CC1=CC=CC(C1=CC=C2P(C3=CC=CC=C3)C4=CC=CC=C4)=C2C5=C(P(C6=CC=CC=C6)C7=CC=CC=C7)C=CC8=C(C#C[Si](C)(C)C)C=CC=C85)(C)C,L1.16,2,O=C1C=CCCC1,0,OB(O)c1ccccc1,7,1.5,100,-12.98214718,0,7
378,378,C[Si](C1=C2C(C(C3=C(C=CC=C4[Si](C)(C)C)C4=CC=C3P(C5=CC=CC=C5)C6=CC=CC=C6)=C(P(C7=CC=CC=C7)C8=CC=CC=C8)C=C2)=CC=C1)(C)C,L1.17,2,CCC/C=C/C(=O)OC,111,OB(O)c1ccccc1,7,8,100,-7.577061974,0,5
379,379,FC(C(C=C1)=CC=C1P(C2=CC=C(C(F)(F)F)C=C2)C3=C(C4=C5OCCOC5=CC=C4P(C6=CC=C(C(F)(F)F)C=C6)C7=CC=C(C(F)(F)F)C=C7)C8C(OCCO8)C=C3)(F)F,L1.32,2,O=C1C=CCC1,6,OB(O)c1ccccc1,7,6,20,-6.706176965,0,6
380,380,FC(C(C=C1)=CC=C1P(C2=CC=C(C(F)(F)F)C=C2)C3=C(C4=C5OCCOC5=CC=C4P(C6=CC=C(C(F)(F)F)C=C6)C7=CC=C(C(F)(F)F)C=C7)C8C(OCCO8)C=C3)(F)F,L1.32,2,O=C1C=CCCC1,0,OB(O)c1ccccc1,7,0.5,20,-12.90110242,0,1
381,381,FC(C(C=C1)=CC=C1P(C2=CC=C(C(F)(F)F)C=C2)C3=C(C4=C5OCCOC5=CC=C4P(C6=CC=C(C(F)(F)F)C=C6)C7=CC=C(C(F)(F)F)C=C7)C8C(OCCO8)C=C3)(F)F,L1.32,2,O=C1C=CCCO1,110,OB(O)c1ccccc1,7,1.5,20,-10.19889172,0,4
382,382,FC(C(C=C1)=CC=C1P(C2=CC=C(C(F)(F)F)C=C2)C3=C(C4=C5OCCOC5=CC=C4P(C6=CC=C(C(F)(F)F)C=C6)C7=CC=C(C(F)(F)F)C=C7)C8C(OCCO8)C=C3)(F)F,L1.32,2,O=C1C=CCO1,109,OB(O)c1ccccc1,7,1.5,20,-10.19889172,0,2
383,383,FC(C1=CC(P(C2=CC(C(F)(F)F)=CC(C(F)(F)F)=C2)C3=C(C4=C5OCCOC5=CC=C4P(C6=CC(C(F)(F)F)=CC(C(F)(F)F)=C6)C7=CC(C(F)(F)F)=CC(C(F)(F)F)=C7)C8C(OCCO8)C=C3)=CC(C(F)(F)F)=C1)(F)F,L1.33,2,CN1C(=O)C=CC1=O,168,COc1ccc(B(O)O)cc1,10,3.5,30,-8.35957626,0,9
384,384,FC(C1=CC(P(C2=CC(C(F)(F)F)=CC(C(F)(F)F)=C2)C3=C(C4=C5OCCOC5=CC=C4P(C6=CC(C(F)(F)F)=CC(C(F)(F)F)=C6)C7=CC(C(F)(F)F)=CC(C(F)(F)F)=C7)C8C(OCCO8)C=C3)=CC(C(F)(F)F)=C1)(F)F,L1.33,2,CN1C(=O)C=CC1=O,168,COc1ccc2cc(B(O)O)ccc2c1,129,5,30,-7.421131909,0,1
385,385,FC(C1=CC(P(C2=CC(C(F)(F)F)=CC(C(F)(F)F)=C2)C3=C(C4=C5OCCOC5=CC=C4P(C6=CC(C(F)(F)F)=CC(C(F)(F)F)=C6)C7=CC(C(F)(F)F)=CC(C(F)(F)F)=C7)C8C(OCCO8)C=C3)=CC(C(F)(F)F)=C1)(F)F,L1.33,2,CN1C(=O)C=CC1=O,168,COc1cccc(B(O)O)c1,18,5,30,-7.421131909,0,4
386,386,FC(C1=CC(P(C2=CC(C(F)(F)F)=CC(C(F)(F)F)=C2)C3=C(C4=C5OCCOC5=CC=C4P(C6=CC(C(F)(F)F)=CC(C(F)(F)F)=C6)C7=CC(C(F)(F)F)=CC(C(F)(F)F)=C7)C8C(OCCO8)C=C3)=CC(C(F)(F)F)=C1)(F)F,L1.33,2,CN1C(=O)C=CC1=O,168,Cc1ccc(B(O)O)cc1,12,4.5,30,-7.699911823,0,8
387,387,FC(C1=CC(P(C2=CC(C(F)(F)F)=CC(C(F)(F)F)=C2)C3=C(C4=C5OCCOC5=CC=C4P(C6=CC(C(F)(F)F)=CC(C(F)(F)F)=C6)C7=CC(C(F)(F)F)=CC(C(F)(F)F)=C7)C8C(OCCO8)C=C3)=CC(C(F)(F)F)=C1)(F)F,L1.33,2,CN1C(=O)C=CC1=O,168,Cc1cccc(B(O)O)c1,17,4.5,30,-7.699911823,0,9
388,388,FC(C1=CC(P(C2=CC(C(F)(F)F)=CC(C(F)(F)F)=C2)C3=C(C4=C5OCCOC5=CC=C4P(C6=CC(C(F)(F)F)=CC(C(F)(F)F)=C6)C7=CC(C(F)(F)F)=CC(C(F)(F)F)=C7)C8C(OCCO8)C=C3)=CC(C(F)(F)F)=C1)(F)F,L1.33,2,O=C1C=CCCC1,0,Cc1ccccc1B(O)O,6,3.5,20,-8.083819167,0,3
389,389,FC(C1=CC(P(C2=CC(C(F)(F)F)=CC(C(F)(F)F)=C2)C3=C(C4=C5OCCOC5=CC=C4P(C6=CC(C(F)(F)F)=CC(C(F)(F)F)=C6)C7=CC(C(F)(F)F)=CC(C(F)(F)F)=C7)C8C(OCCO8)C=C3)=CC(C(F)(F)F)=C1)(F)F,L1.33,2,CN1C(=O)C=CC1=O,168,OB(O)c1ccc(Br)cc1,23,7.5,30,-6.331987711,0,9
390,390,FC(C1=CC(P(C2=CC(C(F)(F)F)=CC(C(F)(F)F)=C2)C3=C(C4=C5OCCOC5=CC=C4P(C6=CC(C(F)(F)F)=CC(C(F)(F)F)=C6)C7=CC(C(F)(F)F)=CC(C(F)(F)F)=C7)C8C(OCCO8)C=C3)=CC(C(F)(F)F)=C1)(F)F,L1.33,2,CN1C(=O)C=CC1=O,168,OB(O)c1ccc(Cl)cc1,22,3.5,30,-8.35957626,0,7
391,391,FC(C1=CC(P(C2=CC(C(F)(F)F)=CC(C(F)(F)F)=C2)C3=C(C4=C5OCCOC5=CC=C4P(C6=CC(C(F)(F)F)=CC(C(F)(F)F)=C6)C7=CC(C(F)(F)F)=CC(C(F)(F)F)=C7)C8C(OCCO8)C=C3)=CC(C(F)(F)F)=C1)(F)F,L1.33,2,CN1C(=O)C=CC1=O,168,OB(O)c1ccc(F)cc1,21,6.5,30,-6.719758736,0,8
392,392,FC(C1=CC(P(C2=CC(C(F)(F)F)=CC(C(F)(F)F)=C2)C3=C(C4=C5OCCOC5=CC=C4P(C6=CC(C(F)(F)F)=CC(C(F)(F)F)=C6)C7=CC(C(F)(F)F)=CC(C(F)(F)F)=C7)C8C(OCCO8)C=C3)=CC(C(F)(F)F)=C1)(F)F,L1.33,2,CN1C(=O)C=CC1=O,168,OB(O)c1ccc(OC(F)(F)F)cc1,72,4,30,-8.009932233,0,3
393,393,FC(C1=CC(P(C2=CC(C(F)(F)F)=CC(C(F)(F)F)=C2)C3=C(C4=C5OCCOC5=CC=C4P(C6=CC(C(F)(F)F)=CC(C(F)(F)F)=C6)C7=CC(C(F)(F)F)=CC(C(F)(F)F)=C7)C8C(OCCO8)C=C3)=CC(C(F)(F)F)=C1)(F)F,L1.33,2,CN1C(=O)C=CC1=O,168,OB(O)c1ccc2ccccc2c1,11,4,30,-8.009932233,0,1
394,394,FC(C1=CC(P(C2=CC(C(F)(F)F)=CC(C(F)(F)F)=C2)C3=C(C4=C5OCCOC5=CC=C4P(C6=CC(C(F)(F)F)=CC(C(F)(F)F)=C6)C7=CC(C(F)(F)F)=CC(C(F)(F)F)=C7)C8C(OCCO8)C=C3)=CC(C(F)(F)F)=C1)(F)F,L1.33,2,CN1C(=O)C=CC1=O,168,OB(O)c1cccc(Br)c1,128,10,30,-5.537860875,0,2
395,395,FC(C1=CC(P(C2=CC(C(F)(F)F)=CC(C(F)(F)F)=C2)C3=C(C4=C5OCCOC5=CC=C4P(C6=CC(C(F)(F)F)=CC(C(F)(F)F)=C6)C7=CC(C(F)(F)F)=CC(C(F)(F)F)=C7)C8C(OCCO8)C=C3)=CC(C(F)(F)F)=C1)(F)F,L1.33,2,CN1C(=O)C=CC1=O,168,OB(O)c1cccc(Cl)c1,8,6.5,30,-6.719758736,0,0
396,396,FC(C1=CC(P(C2=CC(C(F)(F)F)=CC(C(F)(F)F)=C2)C3=C(C4=C5OCCOC5=CC=C4P(C6=CC(C(F)(F)F)=CC(C(F)(F)F)=C6)C7=CC(C(F)(F)F)=CC(C(F)(F)F)=C7)C8C(OCCO8)C=C3)=CC(C(F)(F)F)=C1)(F)F,L1.33,2,CN1C(=O)C=CC1=O,168,OB(O)c1ccccc1,7,49,50,-0.107481096,0,0
397,397,FC(C1=CC(P(C2=CC(C(F)(F)F)=CC(C(F)(F)F)=C2)C3=C(C4=C5OCCOC5=CC=C4P(C6=CC(C(F)(F)F)=CC(C(F)(F)F)=C6)C7=CC(C(F)(F)F)=CC(C(F)(F)F)=C7)C8C(OCCO8)C=C3)=CC(C(F)(F)F)=C1)(F)F,L1.33,2,O=C1C=CC(=O)N1C1CCCCC1,169,OB(O)c1ccccc1,7,10,50,-5.903215378,0,1
398,398,FC(C1=CC(P(C2=CC(C(F)(F)F)=CC(C(F)(F)F)=C2)C3=C(C4=C5OCCOC5=CC=C4P(C6=CC(C(F)(F)F)=CC(C(F)(F)F)=C6)C7=CC(C(F)(F)F)=CC(C(F)(F)F)=C7)C8C(OCCO8)C=C3)=CC(C(F)(F)F)=C1)(F)F,L1.33,2,O=C1C=CC(=O)N1Cc1ccccc1,174,OB(O)c1ccccc1,7,26,50,-2.810171397,0,9
399,399,FC(C1=CC(P(C2=CC(C(F)(F)F)=CC(C(F)(F)F)=C2)C3=C(C4=C5OCCOC5=CC=C4P(C6=CC(C(F)(F)F)=CC(C(F)(F)F)=C6)C7=CC(C(F)(F)F)=CC(C(F)(F)F)=C7)C8C(OCCO8)C=C3)=CC(C(F)(F)F)=C1)(F)F,L1.33,2,O=C1C=CCC1,6,OB(O)c1ccccc1,7,2,20,-9.485335519,0,1
400,400,FC(C1=CC(P(C2=CC(C(F)(F)F)=CC(C(F)(F)F)=C2)C3=C(C4=C5OCCOC5=CC=C4P(C6=CC(C(F)(F)F)=CC(C(F)(F)F)=C6)C7=CC(C(F)(F)F)=CC(C(F)(F)F)=C7)C8C(OCCO8)C=C3)=CC(C(F)(F)F)=C1)(F)F,L1.33,2,O=C1C=CCCC1,0,OB(O)c1ccccc1,7,0.5,20,-12.90110242,0,8
401,401,FC(C1=CC(P(C2=CC(C(F)(F)F)=CC(C(F)(F)F)=C2)C3=C(C4=C5OCCOC5=CC=C4P(C6=CC(C(F)(F)F)=CC(C(F)(F)F)=C6)C7=CC(C(F)(F)F)=CC(C(F)(F)F)=C7)C8C(OCCO8)C=C3)=CC(C(F)(F)F)=C1)(F)F,L1.33,2,O=C1C=CCCO1,110,OB(O)c1ccccc1,7,5,20,-7.176331252,0,8
402,402,FC(C1=CC(P(C2=CC(C(F)(F)F)=CC(C(F)(F)F)=C2)C3=C(C4=C5OCCOC5=CC=C4P(C6=CC(C(F)(F)F)=CC(C(F)(F)F)=C6)C7=CC(C(F)(F)F)=CC(C(F)(F)F)=C7)C8C(OCCO8)C=C3)=CC(C(F)(F)F)=C1)(F)F,L1.33,2,O=C1C=CCO1,109,OB(O)c1ccccc1,7,11.5,20,-4.973585821,0,8
403,403,FC(O1)(F)OC2C1C(C3=C(OC(F)(F)O4)C4=CC=C3P(C5=CC=CC=C5)C6=CC=CC=C6)=C(P(C7=CC=CC=C7)C8=CC=CC=C8)C=C2,L1.28,2,CC(=O)/C=C/C(C)C,12,OB(O)c1ccccc1,7,2,30,-9.808901459,0,4
404,404,FC(O1)(F)OC2C1C(C3=C(OC(F)(F)O4)C4=CC=C3P(C5=CC=CC=C5)C6=CC=CC=C6)=C(P(C7=CC=CC=C7)C8=CC=CC=C8)C=C2,L1.28,2,O=C1C=CCC1,6,OB(O)c1ccccc1,7,0.5,20,-12.90110242,0,0
405,405,FC(O1)(F)OC2C1C(C3=C(OC(F)(F)O4)C4=CC=C3P(C5=CC=CC=C5)C6=CC=CC=C6)=C(P(C7=CC=CC=C7)C8=CC=CC=C8)C=C2,L1.28,2,O=C1C=CCCC1,0,OB(O)c1ccccc1,7,3,20,-8.472118403,0,1
406,406,FC(O1)(F)OC2C1C(C3=C(OC(F)(F)O4)C4=CC=C3P(C5=CC=CC=C5)C6=CC=CC=C6)=C(P(C7=CC=CC=C7)C8=CC=CC=C8)C=C2,L1.28,2,O=C1C=CCCCC1,15,OB(O)c1ccccc1,7,4,20,-7.745708838,0,1
407,407,FC(O1)(F)OC2C1C(C3=C(OC(F)(F)O4)C4=CC=C3P(C5=CC=CC=C5)C6=CC=CC=C6)=C(P(C7=CC=CC=C7)C8=CC=CC=C8)C=C2,L1.28,2,O=C1C=CCCO1,110,OB(O)c1ccccc1,7,3.5,20,-8.083819167,0,5
408,408,FC(O1)(F)OC2C1C(C3=C(OC(F)(F)O4)C4=CC=C3P(C5=CC=CC=C5)C6=CC=CC=C6)=C(P(C7=CC=CC=C7)C8=CC=CC=C8)C=C2,L1.28,2,O=C1C=CCO1,109,OB(O)c1ccccc1,7,0.5,20,-12.90110242,0,3
409,409,FC(OC1=C(C2=C(C=CC=C2OC(F)(F)F)P(C3=CC=CC=C3)C4=CC=CC=C4)C(P(C5=CC=CC=C5)C6=CC=CC=C6)=CC=C1)(F)F,L1.52,1,O=C1C=CCCC1,0,OB(O)c1ccccc1,7,98.5,50,11.242612518160245,1,0
410,410,FC1=CC(P(C2=CC(F)=C(F)C(F)=C2)C3=C(C4=C5OCCOC5=CC=C4P(C6=CC(F)=C(F)C(F)=C6)C7=CC(F)=C(F)C(F)=C7)C8C(OCCO8)C=C3)=CC(F)=C1F,L1.34,2,O=C1C=CCC1,6,OB(O)c1ccccc1,7,1.5,20,-10.19889172,0,7
411,411,FC1=CC(P(C2=CC(F)=C(F)C(F)=C2)C3=C(C4=C5OCCOC5=CC=C4P(C6=CC(F)=C(F)C(F)=C6)C7=CC(F)=C(F)C(F)=C7)C8C(OCCO8)C=C3)=CC(F)=C1F,L1.34,2,O=C1C=CCCC1,0,OB(O)c1ccccc1,7,0.5,20,-12.90110242,0,5
412,412,FC1=CC(P(C2=CC(F)=C(F)C(F)=C2)C3=C(C4=C5OCCOC5=CC=C4P(C6=CC(F)=C(F)C(F)=C6)C7=CC(F)=C(F)C(F)=C7)C8C(OCCO8)C=C3)=CC(F)=C1F,L1.34,2,O=C1C=CCCCC1,15,OB(O)c1ccccc1,7,4.5,20,-7.445915062,0,6
413,413,FC1=CC(P(C2=CC(F)=C(F)C(F)=C2)C3=C(C4=C5OCCOC5=CC=C4P(C6=CC(F)=C(F)C(F)=C6)C7=CC(F)=C(F)C(F)=C7)C8C(OCCO8)C=C3)=CC(F)=C1F,L1.34,2,O=C1C=CCCO1,110,OB(O)c1ccccc1,7,3,20,-8.472118403,0,4
414,414,FC1=CC(P(C2=CC(F)=C(F)C(F)=C2)C3=C(C4=C5OCCOC5=CC=C4P(C6=CC(F)=C(F)C(F)=C6)C7=CC(F)=C(F)C(F)=C7)C8C(OCCO8)C=C3)=CC(F)=C1F,L1.34,2,O=C1C=CCO1,109,OB(O)c1ccccc1,7,7,20,-6.304406276,0,1
415,415,FC1=CC(P(C2=CC(F)=C(F)C(F)=C2)C3=CC=CC(OC)=C3C4=C(P(C5=CC(F)=C(F)C(F)=C5)C6=CC(F)=C(F)C(F)=C6)C=CC=C4OC)=CC(F)=C1F,L1.42,2,O=C1C=CCCO1,110,COc1ccc(B(O)O)cc1,10,1,20,-11.19945172,0,0
416,416,FC1=CC(P(C2=CC(F)=C(F)C(F)=C2)C3=CC=CC(OC)=C3C4=C(P(C5=CC(F)=C(F)C(F)=C5)C6=CC(F)=C(F)C(F)=C6)C=CC=C4OC)=CC(F)=C1F,L1.42,2,CN1C(=O)C=CC1=O,168,COc1cccc(B(O)O)c1,18,3,-10,-7.605109868,0,0
417,417,FC1=CC(P(C2=CC(F)=C(F)C(F)=C2)C3=CC=CC(OC)=C3C4=C(P(C5=CC(F)=C(F)C(F)=C5)C6=CC(F)=C(F)C(F)=C6)C=CC=C4OC)=CC(F)=C1F,L1.42,2,O=C1C=CCCC1,0,COc1cccc(B(O)O)c1,18,1,100,-14.25575783,0,0
418,418,FC1=CC(P(C2=CC(F)=C(F)C(F)=C2)C3=CC=CC(OC)=C3C4=C(P(C5=CC(F)=C(F)C(F)=C5)C6=CC(F)=C(F)C(F)=C6)C=CC=C4OC)=CC(F)=C1F,L1.42,2,O=C1C=CCCO1,110,COc1cccc(B(O)O)c1,18,1.5,20,-10.19889172,0,8
419,419,FC1=CC(P(C2=CC(F)=C(F)C(F)=C2)C3=CC=CC(OC)=C3C4=C(P(C5=CC(F)=C(F)C(F)=C5)C6=CC(F)=C(F)C(F)=C6)C=CC=C4OC)=CC(F)=C1F,L1.50,1,O=c1ccoc2ccccc12,28,COc1cccc(B(O)O)c1,18,99.5,20,12.901102420085426,1,6
420,420,FC1=CC(P(C2=CC(F)=C(F)C(F)=C2)C3=CC=CC(OC)=C3C4=C(P(C5=CC(F)=C(F)C(F)=C5)C6=CC(F)=C(F)C(F)=C6)C=CC=C4OC)=CC(F)=C1F,L1.42,2,CN1C(=O)C=CC1=O,168,COc1ccccc1B(O)O,14,2.5,0,-8.319835294,0,6
421,421,FC1=CC(P(C2=CC(F)=C(F)C(F)=C2)C3=CC=CC(OC)=C3C4=C(P(C5=CC(F)=C(F)C(F)=C5)C6=CC(F)=C(F)C(F)=C6)C=CC=C4OC)=CC(F)=C1F,L1.42,2,O=C1C=CCCO1,110,COc1ccccc1B(O)O,14,0.5,20,-12.90110242,0,1
422,422,FC1=CC(P(C2=CC(F)=C(F)C(F)=C2)C3=CC=CC(OC)=C3C4=C(P(C5=CC(F)=C(F)C(F)=C5)C6=CC(F)=C(F)C(F)=C6)C=CC=C4OC)=CC(F)=C1F,L1.42,2,CN1C(=O)C=CC1=O,168,Cc1cc(C)cc(B(O)O)c1,60,3,0,-7.894112713,0,6
423,423,FC1=CC(P(C2=CC(F)=C(F)C(F)=C2)C3=CC=CC(OC)=C3C4=C(P(C5=CC(F)=C(F)C(F)=C5)C6=CC(F)=C(F)C(F)=C6)C=CC=C4OC)=CC(F)=C1F,L1.42,2,O=C1C=CCCC1,0,Cc1ccc(B(O)O)cc1,12,1.5,100,-12.98214718,0,1
424,424,FC1=CC(P(C2=CC(F)=C(F)C(F)=C2)C3=CC=CC(OC)=C3C4=C(P(C5=CC(F)=C(F)C(F)=C5)C6=CC(F)=C(F)C(F)=C6)C=CC=C4OC)=CC(F)=C1F,L1.50,1,O=c1ccoc2ccccc12,28,Cc1ccc(B(O)O)cc1,12,99.5,20,12.901102420085426,1,7
425,425,FC1=CC(P(C2=CC(F)=C(F)C(F)=C2)C3=CC=CC(OC)=C3C4=C(P(C5=CC(F)=C(F)C(F)=C5)C6=CC(F)=C(F)C(F)=C6)C=CC=C4OC)=CC(F)=C1F,L1.42,2,CN1C(=O)C=CC1=O,168,Cc1cccc(B(O)O)c1,17,4,-10,-6.953038651,0,4
426,426,FC1=CC(P(C2=CC(F)=C(F)C(F)=C2)C3=CC=CC(OC)=C3C4=C(P(C5=CC(F)=C(F)C(F)=C5)C6=CC(F)=C(F)C(F)=C6)C=CC=C4OC)=CC(F)=C1F,L1.42,2,O=C1C=CCCO1,110,Cc1cccc(B(O)O)c1,17,1.5,20,-10.19889172,0,3
427,427,FC1=CC(P(C2=CC(F)=C(F)C(F)=C2)C3=CC=CC(OC)=C3C4=C(P(C5=CC(F)=C(F)C(F)=C5)C6=CC(F)=C(F)C(F)=C6)C=CC=C4OC)=CC(F)=C1F,L1.42,2,O=C1C=CCCC1,0,OB(O)c1ccc(C(F)(F)F)cc1,9,0.5,20,-12.90110242,0,1
428,428,FC1=CC(P(C2=CC(F)=C(F)C(F)=C2)C3=CC=CC(OC)=C3C4=C(P(C5=CC(F)=C(F)C(F)=C5)C6=CC(F)=C(F)C(F)=C6)C=CC=C4OC)=CC(F)=C1F,L1.42,2,O=C1C=CCCO1,110,OB(O)c1ccc(C(F)(F)F)cc1,9,0.5,20,-12.90110242,0,3
429,429,FC1=CC(P(C2=CC(F)=C(F)C(F)=C2)C3=CC=CC(OC)=C3C4=C(P(C5=CC(F)=C(F)C(F)=C5)C6=CC(F)=C(F)C(F)=C6)C=CC=C4OC)=CC(F)=C1F,L1.42,2,CN1C(=O)C=CC1=O,168,OB(O)c1ccc(F)cc1,21,2.5,0,-8.319835294,0,4
430,430,FC1=CC(P(C2=CC(F)=C(F)C(F)=C2)C3=CC=CC(OC)=C3C4=C(P(C5=CC(F)=C(F)C(F)=C5)C6=CC(F)=C(F)C(F)=C6)C=CC=C4OC)=CC(F)=C1F,L1.42,2,O=C1C=CCCC1,0,OB(O)c1ccc(F)cc1,21,2,100,-12.07386304,0,6
431,431,FC1=CC(P(C2=CC(F)=C(F)C(F)=C2)C3=CC=CC(OC)=C3C4=C(P(C5=CC(F)=C(F)C(F)=C5)C6=CC(F)=C(F)C(F)=C6)C=CC=C4OC)=CC(F)=C1F,L1.42,2,O=C1C=CCCO1,110,OB(O)c1ccc(F)cc1,21,1,20,-11.19945172,0,2
432,432,FC1=CC(P(C2=CC(F)=C(F)C(F)=C2)C3=CC=CC(OC)=C3C4=C(P(C5=CC(F)=C(F)C(F)=C5)C6=CC(F)=C(F)C(F)=C6)C=CC=C4OC)=CC(F)=C1F,L1.50,1,O=c1ccoc2ccccc12,28,OB(O)c1ccc(F)cc1,21,99.5,10,12.461017056957832,1,6
433,433,FC1=CC(P(C2=CC(F)=C(F)C(F)=C2)C3=CC=CC(OC)=C3C4=C(P(C5=CC(F)=C(F)C(F)=C5)C6=CC(F)=C(F)C(F)=C6)C=CC=C4OC)=CC(F)=C1F,L1.50,1,O=c1ccoc2ccccc12,28,OB(O)c1ccc2ccccc2c1,11,99.5,0,12.020931693830237,1,0
434,434,FC1=CC(P(C2=CC(F)=C(F)C(F)=C2)C3=CC=CC(OC)=C3C4=C(P(C5=CC(F)=C(F)C(F)=C5)C6=CC(F)=C(F)C(F)=C6)C=CC=C4OC)=CC(F)=C1F,L1.42,2,CN1C(=O)C=CC1=O,168,OB(O)c1cccc(Cl)c1,8,4,0,-7.217262047,0,0
435,435,FC1=CC(P(C2=CC(F)=C(F)C(F)=C2)C3=CC=CC(OC)=C3C4=C(P(C5=CC(F)=C(F)C(F)=C5)C6=CC(F)=C(F)C(F)=C6)C=CC=C4OC)=CC(F)=C1F,L1.42,2,CN1C(=O)C=CC1=O,168,OB(O)c1cccc(F)c1,43,4.5,0,-6.937921539,0,9
436,436,FC1=CC(P(C2=CC(F)=C(F)C(F)=C2)C3=CC=CC(OC)=C3C4=C(P(C5=CC(F)=C(F)C(F)=C5)C6=CC(F)=C(F)C(F)=C6)C=CC=C4OC)=CC(F)=C1F,L1.42,2,O=C1C=CCCC1,0,OB(O)c1cccc(F)c1,43,0.5,20,-12.90110242,0,2
437,437,FC1=CC(P(C2=CC(F)=C(F)C(F)=C2)C3=CC=CC(OC)=C3C4=C(P(C5=CC(F)=C(F)C(F)=C5)C6=CC(F)=C(F)C(F)=C6)C=CC=C4OC)=CC(F)=C1F,L1.50,1,O=c1ccoc2ccccc12,28,OB(O)c1cccc(F)c1,43,99.5,40,13.781273146340617,1,9
438,438,FC1=CC(P(C2=CC(F)=C(F)C(F)=C2)C3=CC=CC(OC)=C3C4=C(P(C5=CC(F)=C(F)C(F)=C5)C6=CC(F)=C(F)C(F)=C6)C=CC=C4OC)=CC(F)=C1F,L1.42,2,CC(=O)/C=C/C(C)C,12,OB(O)c1ccccc1,7,2.5,100,-11.36572045,0,5
439,439,FC1=CC(P(C2=CC(F)=C(F)C(F)=C2)C3=CC=CC(OC)=C3C4=C(P(C5=CC(F)=C(F)C(F)=C5)C6=CC(F)=C(F)C(F)=C6)C=CC=C4OC)=CC(F)=C1F,L1.42,2,CN1C(=O)C=CC1=O,168,OB(O)c1ccccc1,7,15.5,30,-4.274356885,0,1
440,440,FC1=CC(P(C2=CC(F)=C(F)C(F)=C2)C3=CC=CC(OC)=C3C4=C(P(C5=CC(F)=C(F)C(F)=C5)C6=CC(F)=C(F)C(F)=C6)C=CC=C4OC)=CC(F)=C1F,L1.50,1,COc1cc(OC)c2c(=O)ccoc2c1,33,OB(O)c1ccccc1,7,99.5,60,14.661443872595802,1,4
441,441,FC1=CC(P(C2=CC(F)=C(F)C(F)=C2)C3=CC=CC(OC)=C3C4=C(P(C5=CC(F)=C(F)C(F)=C5)C6=CC(F)=C(F)C(F)=C6)C=CC=C4OC)=CC(F)=C1F,L1.42,2,Cc1ccc2oc(=O)ccc2c1,147,OB(O)c1ccccc1,7,0.5,20,-12.90110242,0,6
442,442,FC1=CC(P(C2=CC(F)=C(F)C(F)=C2)C3=CC=CC(OC)=C3C4=C(P(C5=CC(F)=C(F)C(F)=C5)C6=CC(F)=C(F)C(F)=C6)C=CC=C4OC)=CC(F)=C1F,L1.42,2,O=C1C=CC(=O)N1,167,OB(O)c1ccccc1,7,8,-10,-5.343437916,0,9
443,443,FC1=CC(P(C2=CC(F)=C(F)C(F)=C2)C3=CC=CC(OC)=C3C4=C(P(C5=CC(F)=C(F)C(F)=C5)C6=CC(F)=C(F)C(F)=C6)C=CC=C4OC)=CC(F)=C1F,L1.42,2,O=C1C=CC(=O)N1C1CCCCC1,169,OB(O)c1ccccc1,7,0.5,-10,-11.58084633,0,8
444,444,FC1=CC(P(C2=CC(F)=C(F)C(F)=C2)C3=CC=CC(OC)=C3C4=C(P(C5=CC(F)=C(F)C(F)=C5)C6=CC(F)=C(F)C(F)=C6)C=CC=C4OC)=CC(F)=C1F,L1.42,2,O=C1C=CC(=O)N1Cc1ccccc1,174,OB(O)c1ccccc1,7,2.5,-10,-8.015246779,0,9
445,445,FC1=CC(P(C2=CC(F)=C(F)C(F)=C2)C3=CC=CC(OC)=C3C4=C(P(C5=CC(F)=C(F)C(F)=C5)C6=CC(F)=C(F)C(F)=C6)C=CC=C4OC)=CC(F)=C1F,L1.42,2,O=C1C=CC(=O)N1c1ccccc1,170,OB(O)c1ccccc1,7,0.5,-10,-11.58084633,0,2
446,446,FC1=CC(P(C2=CC(F)=C(F)C(F)=C2)C3=CC=CC(OC)=C3C4=C(P(C5=CC(F)=C(F)C(F)=C5)C6=CC(F)=C(F)C(F)=C6)C=CC=C4OC)=CC(F)=C1F,L1.42,2,O=C1C=CCCC1,0,OB(O)c1ccccc1,7,1,30,-11.58148998,0,2
447,447,FC1=CC(P(C2=CC(F)=C(F)C(F)=C2)C3=CC=CC(OC)=C3C4=C(P(C5=CC(F)=C(F)C(F)=C5)C6=CC(F)=C(F)C(F)=C6)C=CC=C4OC)=CC(F)=C1F,L1.42,2,O=C1C=CCCCC1,15,OB(O)c1ccccc1,7,1,20,-11.19945172,0,4
448,448,FC1=CC(P(C2=CC(F)=C(F)C(F)=C2)C3=CC=CC(OC)=C3C4=C(P(C5=CC(F)=C(F)C(F)=C5)C6=CC(F)=C(F)C(F)=C6)C=CC=C4OC)=CC(F)=C1F,L1.42,2,O=C1C=CCCO1,110,OB(O)c1ccccc1,7,7.5,20,-6.123114621,0,0
449,449,FC1=CC(P(C2=CC(F)=C(F)C(F)=C2)C3=CC=CC(OC)=C3C4=C(P(C5=CC(F)=C(F)C(F)=C5)C6=CC(F)=C(F)C(F)=C6)C=CC=C4OC)=CC(F)=C1F,L1.50,1,O=c1ccoc2ccc(Br)cc12,31,OB(O)c1ccccc1,7,99.5,35,13.561230464776816,1,5
450,450,FC1=CC(P(C2=CC(F)=C(F)C(F)=C2)C3=CC=CC(OC)=C3C4=C(P(C5=CC(F)=C(F)C(F)=C5)C6=CC(F)=C(F)C(F)=C6)C=CC=C4OC)=CC(F)=C1F,L1.50,1,O=c1ccoc2ccc(Cl)cc12,30,OB(O)c1ccccc1,7,99.5,40,13.781273146340617,1,1
451,451,FC1=CC(P(C2=CC(F)=C(F)C(F)=C2)C3=CC=CC(OC)=C3C4=C(P(C5=CC(F)=C(F)C(F)=C5)C6=CC(F)=C(F)C(F)=C6)C=CC=C4OC)=CC(F)=C1F,L1.50,1,O=c1ccoc2ccccc12,28,OB(O)c1ccccc1,7,99.5,20,12.901102420085426,1,2
452,452,FC1=CC(P(C2=CC(F)=C(F)C(F)=C2)C3=CC=CC(OC)=C3C4=C(P(C5=CC(F)=C(F)C(F)=C5)C6=CC(F)=C(F)C(F)=C6)C=CC=C4OC)=CC(F)=C1F,L1.42,2,O=C1C=CCCC1,0,OB(O)c1ccccc1Cl,33,0.5,20,-12.90110242,0,5
453,453,FC1=CC(P(C2=CC(F)=C(F)C(F)=C2)C3=CC=CC(OC)=C3C4=C(P(C5=CC(F)=C(F)C(F)=C5)C6=CC(F)=C(F)C(F)=C6)C=CC=C4OC)=CC(F)=C1F,L1.42,2,CN1C(=O)C=CC1=O,168,OB(O)c1ccccc1F,16,4.5,0,-6.937921539,0,8
454,454,FC1=CC(P(C2=CC(F)=C(F)C(F)=C2)C3=CC=CC(OC)=C3C4=C(P(C5=CC(F)=C(F)C(F)=C5)C6=CC(F)=C(F)C(F)=C6)C=CC=C4OC)=CC(F)=C1F,L1.50,1,Cc1cc2occc(=O)c2cc1Cl,51,[Na+].c1ccc([B-](c2ccccc2)(c2ccccc2)c2ccccc2)cc1,3,99.5,40,13.781273146340617,1,4
455,455,FC1=CC(P(C2=CC(F)=C(F)C(F)=C2)C3=CC=CC(OC)=C3C4=C(P(C5=CC(F)=C(F)C(F)=C5)C6=CC(F)=C(F)C(F)=C6)C=CC=C4OC)=CC(F)=C1F,L1.50,1,Cc1ccc2occc(=O)c2c1,49,[Na+].c1ccc([B-](c2ccccc2)(c2ccccc2)c2ccccc2)cc1,3,99.5,30,13.34118778321302,1,4
456,456,IC1=C2C(C(C3=C(C=CC=C4I)C4=CC=C3P(C5=CC=CC=C5)C6=CC=CC=C6)=C(P(C7=CC=CC=C7)C8=CC=CC=C8)C=C2)=CC=C1,L1.15,2,O=C1C=CCCC1,0,OB(O)c1ccccc1,7,1,100,-14.25575783,0,0
457,457,N=C(N)NCC1=CC=C(C(C2=C(C=CC(CNC(N)=N)=C3)C3=CC=C2P(C4=CC=CC=C4)C5=CC=CC=C5)=C(P(C6=CC=CC=C6)C7=CC=CC=C7)C=C8)C8=C1,L1.14,2,O=C1C=CCCC1,0,COc1ccc(B(O)O)cc1,10,1.5,100,-12.98214718,0,7
458,458,N=C(N)NCC1=CC=C(C(C2=C(C=CC(CNC(N)=N)=C3)C3=CC=C2P(C4=CC=CC=C4)C5=CC=CC=C5)=C(P(C6=CC=CC=C6)C7=CC=CC=C7)C=C8)C8=C1,L1.14,2,O=C1C=CCCC1,0,OB(O)c1ccc(Br)cc1,23,4,100,-9.859496001,0,5
459,459,N=C(N)NCC1=CC=C(C(C2=C(C=CC(CNC(N)=N)=C3)C3=CC=C2P(C4=CC=CC=C4)C5=CC=CC=C5)=C(P(C6=CC=CC=C6)C7=CC=CC=C7)C=C8)C8=C1,L1.14,2,CCCCC/C=C/C(C)=O,19,OB(O)c1ccccc1,7,9.5,100,-6.99292005,0,0
460,460,N=C(N)NCC1=CC=C(C(C2=C(C=CC(CNC(N)=N)=C3)C3=CC=C2P(C4=CC=CC=C4)C5=CC=CC=C5)=C(P(C6=CC=CC=C6)C7=CC=CC=C7)C=C8)C8=C1,L1.14,2,O=C1C=CCCC1,0,OB(O)c1ccccc1,7,48,100,-0.248322023,0,7
461,461,N=C(N)NCC1=CC=C(C(C2=C(C=CC(CNC(N)=N)=C3)C3=CC=C2P(C4=CC=CC=C4)C5=CC=CC=C5)=C(P(C6=CC=CC=C6)C7=CC=CC=C7)C=C8)C8=C1,L1.14,2,O=C1C=CCCCC1,15,OB(O)c1ccccc1,7,5.5,100,-8.82267777,0,2
462,462,[C@H]1(C2=CC(C3=CC=CC=C3)=CC(C4=CC=CC=C4)=C2)C(CP(C5=CC=CC=C5)C6=CC=CC=C6)([C@H]1C7=CC(C8=CC=CC=C8)=CC(C9=CC=CC=C9)=C7)CP(C%10=CC=CC=C%10)C%11=CC=CC=C%11,L1.104,0,O=C1C=CCCC1,0,COc1ccc(B(O)O)cc1,10,85.5,50,4.767138942868287,1,1
463,463,[C@H]1(C2=CC(C3=CC=CC=C3)=CC(C4=CC=CC=C4)=C2)C(CP(C5=CC=CC=C5)C6=CC=CC=C6)([C@H]1C7=CC(C8=CC=CC=C8)=CC(C9=CC=CC=C9)=C7)CP(C%10=CC=CC=C%10)C%11=CC=CC=C%11,L1.104,0,O=C1C=CCCC1,0,Cc1ccccc1B(O)O,6,18.5,50,-3.983879689,0,2
464,464,[C@H]1(C2=CC(C3=CC=CC=C3)=CC(C4=CC=CC=C4)=C2)C(CP(C5=CC=CC=C5)C6=CC=CC=C6)([C@H]1C7=CC(C8=CC=CC=C8)=CC(C9=CC=CC=C9)=C7)CP(C%10=CC=CC=C%10)C%11=CC=CC=C%11,L1.104,0,O=C1C=CCCC1,0,OB(O)c1ccc(C(F)(F)F)cc1,9,94.5,50,7.640488600914524,1,0
465,465,[C@H]1(C2=CC(C3=CC=CC=C3)=CC(C4=CC=CC=C4)=C2)C(CP(C5=CC=CC=C5)C6=CC=CC=C6)([C@H]1C7=CC(C8=CC=CC=C8)=CC(C9=CC=CC=C9)=C7)CP(C%10=CC=CC=C%10)C%11=CC=CC=C%11,L1.104,0,O=C1C=CCCC1,0,OB(O)c1ccc2ccccc2c1,11,91.5,50,6.3842587285334185,1,7
466,466,[C@H]1(C2=CC(C3=CC=CC=C3)=CC(C4=CC=CC=C4)=C2)C(CP(C5=CC=CC=C5)C6=CC=CC=C6)([C@H]1C7=CC(C8=CC=CC=C8)=CC(C9=CC=CC=C9)=C7)CP(C%10=CC=CC=C%10)C%11=CC=CC=C%11,L1.104,0,O=C1C=CCC1,6,OB(O)c1ccccc1,7,52.5,50,0.2688911355261758,1,5
467,467,[C@H]1(C2=CC(C3=CC=CC=C3)=CC(C4=CC=CC=C4)=C2)C(CP(C5=CC=CC=C5)C6=CC=CC=C6)([C@H]1C7=CC(C8=CC=CC=C8)=CC(C9=CC=CC=C9)=C7)CP(C%10=CC=CC=C%10)C%11=CC=CC=C%11,L1.104,0,O=C1C=CCCC1,0,OB(O)c1ccccc1,7,91.5,50,6.3842587285334185,1,0
468,468,[C@H]1(C2=CC(C3=CC=CC=C3)=CC(C4=CC=CC=C4)=C2)C(CP(C5=CC=CC=C5)C6=CC=CC=C6)([C@H]1C7=CC(C8=CC=CC=C8)=CC(C9=CC=CC=C9)=C7)CP(C%10=CC=CC=C%10)C%11=CC=CC=C%11,L1.104,0,O=C1C=CCCCC1,15,OB(O)c1ccccc1,7,76.5,50,3.1710495309197637,1,5
469,469,[C@H]1(C2=CC=CC=C2)C(CP(C3=CC=CC=C3)C4=CC=CC=C4)([C@H]1C5=CC=CC=C5)CP(C6=CC=CC=C6)C7=CC=CC=C7,L1.103,0,O=C1C=CCCC1,0,COc1ccc(B(O)O)cc1,10,85.5,50,4.767138942868287,1,2
470,470,[C@H]1(C2=CC=CC=C2)C(CP(C3=CC=CC=C3)C4=CC=CC=C4)([C@H]1C5=CC=CC=C5)CP(C6=CC=CC=C6)C7=CC=CC=C7,L1.103,0,O=C1C=CCCC1,0,Cc1ccccc1B(O)O,6,18.5,50,-3.983879689,0,9
471,471,[C@H]1(C2=CC=CC=C2)C(CP(C3=CC=CC=C3)C4=CC=CC=C4)([C@H]1C5=CC=CC=C5)CP(C6=CC=CC=C6)C7=CC=CC=C7,L1.103,0,O=C1C=CCCC1,0,OB(O)c1ccc(C(F)(F)F)cc1,9,94.5,50,7.640488600914524,1,1
472,472,[C@H]1(C2=CC=CC=C2)C(CP(C3=CC=CC=C3)C4=CC=CC=C4)([C@H]1C5=CC=CC=C5)CP(C6=CC=CC=C6)C7=CC=CC=C7,L1.103,0,O=C1C=CCCC1,0,OB(O)c1ccc2ccccc2c1,11,91.5,50,6.3842587285334185,1,1
473,473,[C@H]1(C2=CC=CC=C2)C(CP(C3=CC=CC=C3)C4=CC=CC=C4)([C@H]1C5=CC=CC=C5)CP(C6=CC=CC=C6)C7=CC=CC=C7,L1.103,0,O=C1C=CCC1,6,OB(O)c1ccccc1,7,52.5,50,0.2688911355261758,1,5
474,474,[C@H]1(C2=CC=CC=C2)C(CP(C3=CC=CC=C3)C4=CC=CC=C4)([C@H]1C5=CC=CC=C5)CP(C6=CC=CC=C6)C7=CC=CC=C7,L1.103,0,O=C1C=CCCC1,0,OB(O)c1ccccc1,7,91.5,50,6.3842587285334185,1,7
475,475,[C@H]1(C2=CC=CC=C2)C(CP(C3=CC=CC=C3)C4=CC=CC=C4)([C@H]1C5=CC=CC=C5)CP(C6=CC=CC=C6)C7=CC=CC=C7,L1.103,0,O=C1C=CCCCC1,15,OB(O)c1ccccc1,7,83.5,50,4.356397006502949,1,0
476,476,[C@H]1(P(C2=CC=CC=C2)C3=CC=CC=C3)C[C@H]4[C@@H](P(C5=CC=CC=C5)C6=CC=CC=C6)C[C@@H]1C4,L1.67,0,O=C1C=CCCC1,0,COc1ccc(B(O)O)cc1,10,10.5,50,-5.757164797,0,3
477,477,[C@H]1(P(C2=CC=CC=C2)C3=CC=CC=C3)C[C@H]4[C@@H](P(C5=CC=CC=C5)C6=CC=CC=C6)C[C@@H]1C4,L1.67,0,O=C1C=CCCC1,0,Cc1ccccc1B(O)O,6,11,50,-5.617129501,0,7
478,478,[C@H]1(P(C2=CC=CC=C2)C3=CC=CC=C3)C[C@H]4[C@@H](P(C5=CC=CC=C5)C6=CC=CC=C6)C[C@@H]1C4,L1.67,0,O=C1C=CCCC1,0,OB(O)c1ccc(C(F)(F)F)cc1,9,4,50,-8.538379024,0,6
479,479,[C@H]1(P(C2=CC=CC=C2)C3=CC=CC=C3)C[C@H]4[C@@H](P(C5=CC=CC=C5)C6=CC=CC=C6)C[C@@H]1C4,L1.67,0,O=C1C=CCCC1,0,OB(O)c1cccc2ccccc12,24,2.5,50,-9.842777871,0,9
480,480,[C@H]1(P(C2=CC=CC=C2)C3=CC=CC=C3)C[C@H]4[C@@H](P(C5=CC=CC=C5)C6=CC=CC=C6)C[C@@H]1C4,L1.67,0,O=C1C=CCCCC1,15,OB(O)c1cccc2ccccc12,24,2.5,50,-9.842777871,0,7
481,481,[C@H]1(P(C2=CC=CC=C2)C3=CC=CC=C3)C[C@H]4[C@@H](P(C5=CC=CC=C5)C6=CC=CC=C6)C[C@@H]1C4,L1.67,0,CCCCC/C=C/C(C)=O,19,OB(O)c1ccccc1,7,34.5,50,-1.722398893,0,2
482,482,[C@H]1(P(C2=CC=CC=C2)C3=CC=CC=C3)C[C@H]4[C@@H](P(C5=CC=CC=C5)C6=CC=CC=C6)C[C@@H]1C4,L1.67,0,O=C1C=CCC1,6,OB(O)c1ccccc1,7,8.5,50,-6.384258729,0,2
483,483,[C@H]1(P(C2=CC=CC=C2)C3=CC=CC=C3)C[C@H]4[C@@H](P(C5=CC=CC=C5)C6=CC=CC=C6)C[C@@H]1C4,L1.67,0,O=C1C=CCCC1,0,OB(O)c1ccccc1,7,7.5,100,-7.794099338,0,8
484,484,[C@H]1(P(C2=CC=CC=C2)C3=CC=CC=C3)C[C@H]4[C@@H](P(C5=CC=CC=C5)C6=CC=CC=C6)C[C@@H]1C4,L1.67,0,O=C1C=CCCCC1,15,OB(O)c1ccccc1,7,7,50,-6.949578332,0,3